Element,h_index,g_index,m_index,TC,NP,PY_start
ROYLE JA,14,18,0.636,4564,18,2002
NICHOLS JD,10,10,0.455,5393,10,2002
ZIPKIN EF,10,13,0.667,536,13,2009
HINES JE,8,9,0.381,1758,9,2003
KERY M,8,11,0.471,707,11,2007
MILLER DAW,8,10,0.667,324,10,2012
BAILEY LL,7,7,0.35,1093,7,2004
FURNAS BJ,7,10,0.778,179,10,2015
MACKENZIE DI,7,8,0.318,5029,8,2002
GARDNER B,6,7,0.4,441,7,2009
MACDONALD DW,6,8,0.5,156,8,2012
MCSHEA WJ,6,8,0.75,213,8,2016
ALTWEGG R,5,5,0.455,73,5,2013
GRANT EHC,5,6,0.313,495,6,2008
KELLY MJ,5,6,0.5,219,6,2014
KROLL AJ,5,5,0.357,94,5,2010
LUKACS PM,5,5,0.417,139,5,2012
ROLOFF GJ,5,5,0.417,103,5,2012
ROTA CT,5,7,0.333,437,7,2009
BETTS MG,4,4,0.267,259,4,2009
BRASHARES JS,4,4,0.308,156,4,2011
CALVO JF,4,5,0.5,45,5,2016
CARBONE C,4,4,0.571,122,4,2017
CHANDLER RB,4,4,0.308,391,4,2011
COLLAZO JA,4,6,0.333,56,6,2012
FARRIS ZJ,4,4,0.4,129,4,2014
FISHER JT,4,4,0.4,62,4,2014
FLETCHER RJ,4,5,0.267,323,5,2009
FORRESTER TD,4,4,0.5,175,4,2016
HOMYACK JA,4,4,0.4,39,4,2014
HOSSACK BR,4,5,0.444,103,5,2015
IRVINE KM,4,4,0.444,86,4,2015
JIMENEZ-FRANCO MV,4,4,0.5,42,4,2016
LEE MB,4,6,0.4,81,6,2014
MCCLEERY RA,4,4,0.571,50,4,2017
MILLSPAUGH JJ,4,5,0.5,178,5,2016
MUTHS E,4,4,0.444,110,4,2015
RICH LN,4,5,0.5,178,5,2016
ROBINSON HS,4,4,0.4,150,4,2014
RODHOUSE TJ,4,4,0.444,79,4,2015
ROWCLIFFE JM,4,4,0.571,129,4,2017
SCHMIDT JH,4,6,0.308,122,6,2011
SIEGEL RB,4,5,0.308,76,5,2011
SUTHERLAND C,4,7,0.364,56,7,2013
AMUNDSON CL,3,3,0.3,90,3,2014
BALDWIN RF,3,4,0.3,28,4,2014
BELANT JL,3,6,0.333,43,6,2015
BEYER DE,3,4,0.333,41,4,2015
BLED F,3,6,0.231,148,6,2011
BREININGER DR,3,3,0.3,14,3,2014
BROEKHUIS F,3,4,0.75,16,4,2020
COHEN JB,3,4,0.429,52,4,2017
COLE JS,3,3,0.6,16,3,2019
COLLEN B,3,3,0.429,56,3,2017
COSTA A,3,4,0.6,28,4,2019
DECARRE J,3,3,0.6,45,3,2019
DOWNS CT,3,3,0.3,53,3,2014
DREITZ VJ,3,4,0.429,29,4,2017
FERRAZ G,3,3,0.273,39,3,2013
FERREGUETTI AC,3,3,0.5,34,3,2018
FICETOLA GF,3,6,0.5,72,6,2018
FLEISHMAN E,3,3,0.429,14,4,2017
FRAIR JL,3,3,0.429,50,3,2017
GIOVANINI J,3,3,0.25,43,3,2012
GOIJMAN AP,3,4,0.333,53,4,2015
GUTIERREZ RJ,3,3,0.176,203,3,2007
HART KM,3,3,0.25,37,3,2012
HELLGREN EC,3,3,0.333,140,3,2015
HOOTEN MB,3,3,0.273,62,3,2013
HUNTER LTB,3,3,0.3,61,3,2014
ISAAC NJB,3,3,0.375,316,3,2016
JANOUSEK WM,3,3,0.6,32,3,2019
JONES JE,3,3,0.25,43,3,2012
KARPANTY SM,3,3,0.3,50,3,2014
KAYS RW,3,4,0.375,166,4,2016
KING DI,3,3,0.231,187,3,2011
KUEMMERLE T,3,3,0.6,45,3,2019
LATIF QS,3,5,0.25,33,5,2012
LINDBERG MS,3,3,0.231,34,3,2011
LINDEN DW,3,3,0.25,57,3,2012
MAJOR RE,3,3,0.333,38,3,2015
MANENTI R,3,4,0.5,72,4,2018
MAZEROLLE MJ,3,4,0.3,41,4,2014
MONTGOMERY RA,3,3,0.375,49,3,2016
MORTELLITI A,3,4,0.273,52,4,2013
NIELSEN CK,3,5,0.333,143,5,2015
PARSONS AW,3,4,0.375,166,4,2016
PAVLACKY DC,3,3,0.25,82,3,2012
PENJOR U,3,4,1,25,4,2021
PETERMAN WE,3,4,0.273,70,4,2013
PETERSON JT,3,3,0.3,44,3,2014
PETRACCA LS,3,3,0.5,44,3,2018
POPESCU VD,3,5,0.429,32,5,2017
RAMESH T,3,3,0.3,53,3,2014
ROVERO F,3,5,0.6,46,5,2019
SALVIDIO S,3,4,0.6,28,4,2019
SAUER JR,3,3,0.136,250,3,2002
SCHAUBER EM,3,4,0.333,141,4,2015
SCHMIDT BR,3,4,0.158,171,4,2005
SEMLITSCH RD,3,3,0.3,110,3,2014
SEMPER-PASCUAL A,3,4,0.6,45,4,2019
SHEA CP,3,3,0.333,21,3,2015
SOLLMANN R,3,6,0.25,80,6,2012
STEENWEG R,3,3,0.429,111,3,2017
STOLEN ED,3,3,0.3,14,3,2014
SWIHART RK,3,4,0.158,140,4,2005
TENAN S,3,3,0.375,36,3,2016
THOMPSON FR,3,5,0.3,101,5,2014
TINGLEY MW,3,3,0.5,38,3,2018
TRUEX RL,3,3,0.5,25,3,2018
VAN STRIEN AJ,3,3,0.273,295,3,2013
WADDLE JH,3,6,0.273,37,6,2013
WALLS SC,3,3,0.3,48,3,2014
WILLSON JD,3,3,0.273,36,3,2013
WILTING A,3,3,0.5,15,5,2018
WILTON CM,3,3,0.375,26,3,2016
YAMAURA Y,3,3,0.333,43,3,2015
ABRAMS JF,2,3,0.667,9,3,2021
ACHARYA KP,2,2,0.286,24,2,2017
AHUMADA JA,2,3,0.182,119,3,2013
ALTMAN B,2,2,0.167,26,2,2012
ANDREWS LS,2,2,0.154,107,2,2011
ANDRIANJAKARIVELO V,2,2,0.286,27,2,2017
ANTHONY RG,2,2,0.154,107,2,2011
ARNETT EB,2,2,0.167,26,2,2012
BAJARU SB,2,2,0.4,7,2,2019
BALANGTAA C,2,2,0.154,138,2,2011
BALME GA,2,2,0.2,26,2,2014
BARATA IM,2,3,0.286,11,3,2017
BARICHIVICH WJ,2,2,0.2,38,2,2014
BARRETT K,2,2,0.222,23,2,2015
BAUMANN M,2,2,0.4,29,2,2019
BAUMGARDT JA,2,2,0.2,8,2,2014
BEDWARD M,2,2,0.5,8,2,2020
BERGALLO HG,2,2,0.333,27,2,2018
BERNARD H,2,2,0.222,152,2,2015
BESNARD A,2,2,0.167,36,2,2012
BETTOLI PW,2,2,0.222,16,2,2015
BISHOP AA,2,2,0.2,11,2,2014
BLEISCH WV,2,2,0.333,17,2,2018
BLOMBERG EJ,2,3,0.5,9,3,2020
BOTSCH Y,2,2,0.333,36,2,2018
BRADSTOCK RA,2,2,0.5,8,2,2020
BRANDT LA,2,3,0.167,20,3,2012
BREHME CS,2,2,0.167,68,2,2012
BRODIE JF,2,3,0.182,136,3,2013
BROWN ME,2,2,0.2,38,2,2014
BUEHLER DA,2,2,0.25,34,2,2016
BURTON AC,2,2,0.154,138,2,2011
CALLAS RL,2,2,0.222,96,2,2015
CAMINO M,2,2,0.4,29,2,2019
CAMPBELL TA,2,2,0.4,18,2,2019
CARROLL JP,2,2,0.2,34,2,2014
CARTER N,2,2,0.4,19,2,2019
CEPEK JD,2,2,0.4,37,2,2019
CHERKISS MS,2,2,0.167,19,2,2012
CHIARELLO AG,2,2,0.286,36,2,2017
CLARK AE,2,2,0.333,36,2,2018
COATES PS,2,2,0.333,23,2,2018
CODA JA,2,3,0.333,13,3,2018
CONROY MJ,2,2,0.222,28,2,2015
CONWAY CJ,2,3,0.4,33,3,2019
CONZE KJ,2,2,0.4,65,2,2019
COOPER RJ,2,2,0.143,106,2,2010
CORRALES-GUTIERREZ D,2,2,0.333,36,2,2018
CRAWFORD JA,2,2,0.182,41,2,2013
CUSHMAN SA,2,2,0.667,12,2,2021
DAIL D,2,2,0.154,256,2,2011
DAVIES HF,2,2,0.286,50,2,2017
DAVIS CL,2,2,0.286,95,2,2017
DE PINHO FF,2,2,0.286,26,2,2017
DELLE MONACHE D,2,2,0.5,19,2,2020
DELUCA WV,2,2,0.2,30,2,2014
DENNIS PM,2,2,0.4,37,2,2019
DICKMAN AJ,2,2,0.286,44,2,2017
DICKSON BG,2,2,0.222,102,2,2015
DORAZIO RM,2,2,0.133,198,2,2009
DUGGER KM,2,3,0.154,72,3,2011
FALASCHI M,2,4,0.5,19,5,2020
FARR MT,2,3,0.4,22,3,2019
FAULKNER SP,2,2,0.182,21,2,2013
FERREIRA GB,2,2,0.286,26,2,2017
FIRTH RSC,2,2,0.286,50,2,2017
FISHER RN,2,2,0.167,68,2,2012
FISHER S,2,2,0.333,28,2,2018
FONTAINE JJ,2,2,0.2,11,2,2014
FORSYTH DM,2,3,0.333,21,3,2018
FOURNIER V,2,2,0.5,20,2,2020
FRANKLIN MJM,2,2,0.5,8,2,2020
FYUMAGWA R,2,2,0.25,22,2,2016
GALVEZ N,2,2,0.182,57,2,2013
GANN SL,2,2,0.2,11,2,2014
GE JP,2,2,0.4,28,2,2019
GEYLE HM,2,2,0.286,50,2,2017
GILBERT AT,2,2,0.111,406,2,2006
GIMENEZ O,2,2,0.2,29,2,2014
GIORDANO AJ,2,2,0.182,135,2,2013
GOMEZ MD,2,3,0.333,25,3,2018
GOMEZ-VALENCIA B,2,2,0.4,29,2,2019
GOVINDAN BN,2,2,0.167,21,2,2012
GRAVES TA,2,2,0.167,29,2,2012
GREEN AW,2,2,0.182,45,2,2013
GUHARAJAN R,2,3,0.667,9,3,2021
GUZY JC,2,2,0.286,14,2,2017
HAGEN CA,2,2,0.25,22,2,2016
HALLORAN KM,2,2,0.286,14,2,2017
HAMER AJ,2,3,0.667,10,4,2021
HANDEL CM,2,2,0.2,73,2,2014
HARMSEN BJ,2,2,0.286,100,2,2017
HEBBLEWHITE M,2,2,0.222,110,2,2015
HENSCHEL P,2,2,0.5,11,2,2020
HILEMAN ET,2,2,0.333,29,2,2018
HILL JM,2,2,0.2,16,2,2014
HOCHACHKA WM,2,2,0.154,90,2,2011
HOFMEESTER TR,2,2,0.5,18,2,2020
HOLLAND AM,2,2,0.4,9,2,2019
HOLLOWAY-ADKINS KG,2,2,0.2,11,2,2014
IMS RA,2,2,0.182,19,2,2013
IOSIF R,2,3,0.286,20,3,2017
IVAN JS,2,3,0.333,18,3,2018
JACHOWSKI DS,2,2,0.4,10,2,2019
JACKSON CR,2,2,0.333,23,2,2018
JENNI L,2,2,0.333,36,2,2018
JIMENEZ J,2,4,0.25,28,4,2016
JOHNSINGH AJT,2,2,0.154,42,2,2011
JOHNSON DS,2,2,0.154,25,2,2011
JOHNSON M,2,2,0.4,13,2,2019
JOSHI AA,2,2,0.2,34,2,2014
KALIES EL,2,2,0.182,111,2,2013
KANNO Y,2,2,0.2,100,2,2014
KARANTH KU,2,2,0.167,45,2,2012
KASZTA Z,2,2,0.667,12,2,2021
KELLNER KF,2,4,0.25,27,4,2016
KISSING J,2,3,0.333,11,3,2018
KLEIN R,2,3,0.333,33,3,2018
KNUTSON MG,2,2,0.095,1239,2,2003
LAGAN P,2,2,0.667,9,2,2021
LAMICHHANE BR,2,3,0.4,14,3,2019
LEASURE DR,2,2,0.286,16,2,2017
LEGARE SA,2,2,0.2,11,2,2014
LEON-ORTEGA M,2,2,0.286,23,2,2017
LESMEISTER DB,2,3,0.222,134,3,2015
LETCHER BH,2,2,0.2,100,2,2014
LEU M,2,2,0.286,10,2,2017
LI XY,2,2,0.333,17,2,2018
LINDENMAYER DB,2,2,0.222,40,2,2015
LINK WA,2,2,0.091,93,2,2002
LITT AR,2,2,0.5,17,2,2020
LO PARRINO E,2,3,0.333,56,3,2018
LOFFLAND HL,2,2,0.4,28,2,2019
LOMBARDI JV,2,2,0.286,51,2,2017
LORCH PD,2,2,0.4,37,2,2019
LUTHER DA,2,2,0.4,12,2,2019
LYET A,2,2,0.25,14,2,2016
MADHUSUDAN MD,2,3,0.154,74,3,2011
MADSEN EK,2,2,0.5,12,2,2020
MADSEN L,2,2,0.154,256,2,2011
MANLEY PN,2,2,0.182,47,2,2013
MARRA PP,2,3,0.286,81,3,2017
MARTIN JA,2,2,0.286,50,2,2017
MASOZERA MK,2,2,0.4,28,2,2019
MAZZOTTI FJ,2,3,0.167,20,3,2012
MCCAFFERY R,2,2,0.25,35,2,2016
MCGRANN MC,2,2,0.25,31,2,2016
MCNUTT JW,2,2,0.25,92,2,2016
MEYER NFV,2,2,0.5,28,2,2020
MICHEL NL,2,2,0.333,6,2,2018
MILLS DR,2,2,0.4,41,2,2019
MISHRA C,2,2,0.667,6,2,2021
MOHAMED A,2,2,0.333,6,2,2018
MOLL RJ,2,3,0.4,37,3,2019
MONADJEM A,2,2,0.4,20,2,2019
MONROE AP,2,2,0.333,20,2,2018
MOORE JF,2,2,0.4,28,2,2019
MORDECAI RS,2,2,0.143,106,2,2010
MORENO R,2,2,0.5,28,2,2020
MOSHER BA,2,2,0.333,22,2,2018
MULINDAHABI F,2,2,0.4,28,2,2019
MURARO M,2,3,0.333,56,3,2018
MURPHY AJ,2,2,0.286,27,2,2017
MURPHY BP,2,2,0.286,50,2,2017
MWAMPETA SB,2,2,0.25,22,2,2016
NICHOLSON E,2,3,0.286,51,3,2017
NIEDBALLA J,2,2,0.333,6,2,2018
NOWAK JJ,2,2,0.25,30,2,2016
O'BRYAN CJ,2,2,0.2,22,2,2014
O'CONNELL AF,2,2,0.111,406,2,2006
O'DONNELL KM,2,2,0.2,81,2,2014
O'NEIL ST,2,2,0.333,26,2,2018
O'RIAIN MJ,2,3,0.286,32,3,2017
OBER HK,2,2,0.286,16,2,2017
OBEROSLER V,2,3,0.5,27,3,2020
ODDY DM,2,2,0.2,11,2,2014
OLDEN JD,2,2,0.182,36,2,2013
OLIVA-PATERNA FJ,2,2,0.667,7,2,2021
OLIVEIRA MJR,2,2,0.286,26,2,2017
ORMSBEE PC,2,2,0.222,69,2,2015
PACIFICI K,2,3,0.25,11,3,2016
PEJCHAR L,2,2,0.2,41,2,2014
PELLET J,2,3,0.105,198,3,2005
PEREIRA-RIBEIRO J,2,2,0.333,27,2,2018
PETROELJE TR,2,2,0.222,7,2,2015
PILLAY R,2,3,0.154,74,3,2011
PORTER WF,2,2,0.333,5,3,2018
POTOKA KM,2,2,0.222,16,2,2015
PRIOTTO JW,2,4,0.333,26,4,2018
RAGHUNATH R,2,2,0.154,42,2,2011
RAMSEY DSL,2,3,0.333,21,3,2018
RATELOLAHY F,2,2,0.2,49,2,2014
REED RN,2,2,0.286,20,2,2017
REICHERT BE,2,2,0.286,29,2,2017
REYNA-HURTADO R,2,2,0.5,28,2,2020
RITCHIE EG,2,2,0.4,16,2,2019
ROBINSON SK,2,2,0.333,28,2,2018
ROBISON T,2,2,0.4,37,2,2019
ROCHA CFD,2,2,0.333,27,2,2018
ROTELLA JJ,2,2,0.4,10,2,2019
ROTENBERRY JT,2,2,0.167,14,2,2012
SAAB VA,2,2,0.25,21,2,2016
SALOM-PEREZ R,2,2,0.333,36,2,2018
SAM MK,2,2,0.154,138,2,2011
SANTOS-REIS M,2,3,0.154,63,3,2011
SAVINI T,2,2,0.5,11,2,2020
SCHERER RD,2,2,0.286,10,2,2017
SCHMERA D,2,2,0.667,9,2,2021
SEGLUND AE,2,2,0.333,16,2,2018
SERAFINI VN,2,3,0.4,16,3,2019
SIGAFUS BH,2,3,0.222,89,3,2015
SILLETT TS,2,4,0.167,100,4,2012
SLOTOW R,2,2,0.4,41,2,2019
SMITH JLD,2,2,0.4,28,2,2019
SNYMAN A,2,2,0.286,15,2,2017
SOVIE AR,2,3,0.286,30,3,2017
STEVENS BS,2,4,0.4,35,4,2019
SURYAWANSHI KR,2,2,0.667,7,2,2021
TALANCY NW,2,2,0.111,406,2,2006
TERMAAT T,2,2,0.182,284,2,2013
THAPA K,2,3,0.286,72,3,2017
THOGMARTIN WE,2,2,0.118,65,2,2007
THORNTON JE,2,2,0.2,22,2,2014
THORSON JT,2,2,0.2,99,2,2014
TOBLER MW,2,2,0.222,116,2,2015
TYRE AJ,2,2,0.095,549,2,2003
VALENTE JJ,2,2,0.4,24,2,2019
VAN DER WEYDE LK,2,3,0.333,33,3,2018
WAGNER T,2,2,0.2,16,2,2014
WANG TM,2,2,0.4,28,2,2019
WECKERLY FW,2,3,0.118,33,3,2007
WEGAN MT,2,2,0.133,174,2,2009
WEISS SK,2,2,0.2,11,2,2014
WENGER SJ,2,2,0.333,16,2,2018
WHITE AM,2,2,0.182,47,2,2013
WHITTINGTON J,2,2,0.286,81,2,2017
WILKERSON RL,2,2,0.154,60,2,2011
WOINARSKI JCZ,2,2,0.286,50,2,2017
WONG ST,2,2,0.333,6,3,2018
WRIGHT WJ,2,2,0.5,17,2,2020
YOCCOZ NG,2,2,0.182,82,2,2013
ZAMORA-LOPEZ A,2,2,0.667,7,2,2021
ZAMORA-MARIN JM,2,2,0.667,7,2,2021
ABIDIN TR,1,1,0.5,1,1,2022
ABU BAKAR MS,1,1,0.5,1,1,2022
ADAMS AAY,1,1,0.25,2,1,2020
ADAMS LG,1,1,0.111,22,1,2015
ADAMS MJ,1,2,0.2,14,2,2019
ADAMS T,1,1,0.5,3,1,2022
ADDISON L,1,1,0.111,10,1,2015
AGUZZI S,1,1,0.333,1,1,2021
AHMAD B,1,1,0.333,2,2,2021
AHMAD T,1,1,0.25,4,1,2020
AHMED MF,1,1,0.333,7,1,2021
AKKAWI P,1,1,0.25,10,1,2020
AKRE TA,1,1,0.2,2,1,2019
AKRIM F,1,1,0.25,4,1,2020
ALAKOSKI R,1,1,0.143,15,1,2017
ALANIZ AJ,1,1,0.333,2,1,2021
ALCOVERRO T,1,1,0.091,20,1,2013
ALDRIDGE CL,1,1,0.2,12,1,2019
ALEXANDER BW,1,1,0.1,10,1,2014
ALEXSANDER JS,1,1,0.333,4,1,2021
ALI H,1,1,0.1,66,1,2014
ALI MW,1,1,0.25,4,1,2020
ALLEN ML,1,1,0.5,2,2,2022
ALLENDER MC,1,1,0.167,27,1,2018
ALMBERG ES,1,1,0.25,13,1,2020
ALVES F,1,1,0.2,1,1,2019
ALVES PC,1,1,0.25,39,1,2020
AMBU L,1,1,0.111,97,1,2015
AMBURGEY SM,1,1,0.333,4,1,2021
AMELON SK,1,1,0.167,1,1,2018
AMGALANBAATAR S,1,1,0.143,7,1,2017
AMRHEIN V,1,1,0.071,13,1,2010
ANDERSEN AN,1,1,0.143,43,1,2017
ANDERSEN DE,1,1,0.059,14,1,2007
ANDERSEN EM,1,1,0.2,17,1,2019
ANDERSON J,1,1,0.111,97,1,2015
ANDERSON TL,1,1,0.1,29,1,2014
ANDREN H,1,1,0.333,6,1,2021
ANDREONE F,1,1,0.167,53,1,2018
ANDRES BA,1,1,0.083,13,1,2012
ANDRETTI CB,1,1,0.091,11,1,2013
ANH NQH,1,1,0.25,1,1,2020
ANNAND EM,1,1,0.063,258,1,2008
ANTONGIOVANNI M,1,1,0.167,12,1,2018
APPLEGATE RD,1,1,0.125,21,1,2016
APTE D,1,1,0.25,3,1,2020
AQUINO J,1,1,0.5,1,1,2022
ARAGON S,1,1,0.2,12,1,2019
ARASUMANI M,1,1,0.25,4,1,2020
ARAYA-GAMBOA D,1,1,0.333,4,1,2021
ARES-PEREIRA G,1,1,0.5,1,1,2022
ARIAS LNC,1,1,0.5,1,1,2022
ARIEFIANDY A,1,1,0.091,28,1,2013
ARMENTERAS D,1,1,0.333,3,1,2021
ARROYO B,1,2,0.333,6,2,2021
ARTHUR R,1,1,0.091,20,1,2013
ARYAL A,1,1,0.143,20,1,2017
ASAD S,1,2,0.333,6,2,2021
ASBECK T,1,1,0.333,5,1,2021
ASCENSAO F,1,1,0.077,51,1,2011
ASHE E,1,1,0.167,13,1,2018
ASTARAS C,1,1,0.5,4,1,2022
ASTROM J,1,1,0.5,1,1,2022
AUGUGLIARO C,1,1,0.5,1,1,2022
AUNG Z,1,1,0.333,2,1,2021
AWAN MN,1,1,0.25,4,1,2020
AYALA G,1,1,0.25,1,1,2020
AZIZ R,1,1,0.25,4,1,2020
BAGNALL KE,1,1,0.2,1,1,2019
BAI LZ,1,1,0.5,1,1,2022
BAILEY AM,1,1,0.143,12,1,2017
BAKER CCM,1,1,0.5,1,1,2022
BAKER-WHATTON MC,1,1,0.2,38,1,2019
BALAGUERA-REINA SA,1,1,0.333,1,1,2021
BALDWIN J,1,1,0.111,13,1,2015
BALKENHOL N,1,1,0.25,15,1,2020
BALL-DAMEROW JE,1,1,0.143,13,1,2017
BANCILA RI,1,1,0.143,7,1,2017
BANI L,1,1,0.333,1,1,2021
BANNER KM,1,1,0.2,41,1,2019
BAR DAVID S,1,1,0.25,1,1,2020
BARAO-NOBREGA JAL,1,1,0.5,2,1,2022
BARNAS GR,1,1,0.25,12,1,2020
BARNETT J,1,1,0.2,41,1,2019
BARNHART PD,1,1,0.25,2,1,2020
BARNICK KA,1,1,0.5,1,1,2022
BARRETO E,1,1,0.333,6,1,2021
BARROS Y,1,1,0.5,1,1,2022
BARROWS C,1,1,0.083,2,1,2012
BARTA B,1,1,0.333,4,1,2021
BARTON CD,1,1,0.25,8,1,2020
BARTOSZEK IA,1,1,0.1,11,1,2014
BARTZ KK,1,1,0.167,4,1,2018
BARZAGHI B,1,2,0.167,53,2,2018
BASILE M,1,1,0.333,5,1,2021
BATA MN,1,1,0.25,13,1,2020
BAUDER JM,1,1,0.143,15,1,2017
BAUER D,1,1,0.5,3,1,2022
BAUMANN K,1,1,0.333,17,1,2021
BAYLY NJ,1,1,0.5,3,2,2022
BEASLEY EM,1,1,0.2,3,1,2019
BEAUDROT L,1,2,0.25,24,2,2020
BECHET A,1,1,0.083,34,1,2012
BEDOYA-DURAN MJ,1,1,0.333,1,1,2021
BEDRINANA-ROMANO L,1,1,0.167,13,1,2018
BEGUM RH,1,1,0.333,7,1,2021
BEIER P,1,1,0.083,10,1,2012
BEISSINGER SR,1,2,0.167,10,2,2018
BEJRABURNIN T,1,1,0.25,9,1,2020
BEKKER DL,1,1,0.111,11,1,2015
BELISLE M,1,1,0.333,6,1,2021
BELL CM,1,1,0.25,19,1,2020
BELLIER E,1,1,0.167,7,1,2018
BELLINGHAM PJ,1,1,0.1,26,1,2014
BELLUARDO F,1,1,0.5,3,1,2022
BENCE JR,1,1,0.25,2,1,2020
BENKEN T,1,1,0.333,17,1,2021
BENNETT RE,1,1,0.5,2,1,2022
BENNITT E,1,1,0.5,3,1,2022
BENOIT D,1,1,0.167,13,1,2018
BENSON TJ,1,1,0.167,7,1,2018
BERG A,1,1,0.167,15,1,2018
BERGAMINI A,1,2,0.333,4,2,2021
BERNARDOS JN,1,1,0.111,26,1,2015
BERTHIER K,1,1,0.111,36,1,2015
BERTRAM MR,1,1,0.111,9,1,2015
BEYTELL PC,1,1,0.125,5,1,2016
BEZERRA D,1,1,0.167,12,1,2018
BHATNAGAR YV,1,1,0.333,3,1,2021
BHATTARAI N,1,1,0.2,12,1,2019
BICCA-MARQUES JC,1,1,0.2,12,1,2019
BINO G,1,1,0.167,9,1,2018
BISCHOF R,1,2,0.1,66,2,2014
BISI F,1,1,0.333,3,2,2021
BISSONETTE JA,1,1,0.077,51,1,2011
BISTA D,1,1,0.25,4,1,2020
BITTNER T,1,1,0.333,17,1,2021
BJELKE U,1,1,0.2,48,1,2019
BJORK R,1,1,0.2,13,1,2019
BLAALID R,1,1,0.5,1,1,2022
BLACKBURN JK,1,1,0.167,22,1,2018
BLACKMAN RC,1,1,0.2,27,1,2019
BLAKESLEY JA,1,1,0.083,57,1,2012
BLAKEY RV,1,1,0.333,4,1,2021
BLANC L,1,1,0.1,20,1,2014
BLANCO CM,1,1,0.25,3,1,2020
BLANGIARDO M,1,1,0.2,7,1,2019
BLANK PJ,1,1,0.091,14,1,2013
BLASS CR,1,1,0.25,4,1,2020
BLENDINGER PG,1,1,0.25,16,1,2020
BLOCK WM,1,1,0.125,16,1,2016
BLUM AG,1,1,0.167,17,1,2018
BLY B,1,1,0.077,10,1,2011
BOEHNING-GAESE K,1,1,0.083,5,1,2012
BOETTCHER R,1,1,0.111,10,1,2015
BOHM SM,1,1,0.083,5,1,2012
BOHNETT ET,1,1,0.333,2,2,2021
BOHUS A,1,1,0.333,4,1,2021
BONACIC C,1,1,0.091,39,1,2013
BONAVIGO PH,1,1,0.333,1,1,2021
BOND ML,1,1,0.111,35,1,2015
BONN A,1,1,0.333,17,1,2021
BONNEAU M,1,1,0.143,18,1,2017
BONNER SJ,1,1,0.25,8,1,2020
BONNOT TW,1,1,0.5,2,1,2022
BONSEL A,1,1,0.333,17,1,2021
BONTER DN,1,1,0.077,88,1,2011
BOONE EL,1,1,0.091,18,1,2013
BORDAGE D,1,1,0.25,1,1,2020
BORKHATARIA RR,1,1,0.143,18,1,2017
BORON V,1,1,0.2,26,1,2019
BORTOLOTTI GR,1,1,0.056,17,1,2006
BOTERO-CANOLA S,1,1,0.2,11,1,2019
BOULEY P,1,1,0.2,10,1,2019
BOUROS G,1,1,0.143,13,1,2017
BOWER MR,1,1,0.143,24,1,2017
BOWLER DE,1,1,0.333,17,1,2021
BOWLES M,1,1,0.5,3,1,2022
BOYCE MS,1,1,0.167,30,1,2018
BRADBURY S,1,1,0.1,25,1,2014
BRADKE DR,1,1,0.167,27,1,2018
BRADY RS,1,1,0.111,15,1,2015
BRANCH LC,1,2,0.111,42,2,2015
BRASSINE A,1,1,0.5,3,1,2022
BRAUD Y,1,1,0.333,2,1,2021
BRAWN JD,1,1,0.167,7,1,2018
BRECKHEIMER IK,1,1,0.2,1,1,2019
BREININGER DJ,1,1,0.2,3,1,2019
BREININGER RD,1,1,0.2,3,1,2019
BREJAO GL,1,1,0.167,23,1,2018
BRENNAN LA,1,1,0.2,2,1,2019
BRERETON TM,1,1,0.2,29,1,2019
BREWER MJ,1,1,0.1,5,1,2014
BREWER SK,1,2,0.143,13,2,2017
BRIGGS-GONZALEZ V,1,1,0.2,12,1,2019
BRINCK KW,1,1,0.143,4,1,2017
BRITTAIN S,1,1,0.25,13,1,2020
BROADBENT E,1,1,0.25,10,1,2020
BRODIE BS,1,1,0.2,7,1,2019
BROMMER JE,1,1,0.143,15,1,2017
BROOK BW,1,1,0.111,2,1,2015
BROSI B,1,1,0.25,4,1,2020
BROWN DJ,1,1,0.2,6,1,2019
BROWNE L,1,1,0.25,5,1,2020
BRUELHEIDE H,1,1,0.333,17,1,2021
BRUSA JL,1,1,0.25,5,1,2020
BRUSSEE BE,1,1,0.167,11,1,2018
BUCKLAND ST,1,1,0.125,11,1,2016
BUCKLEY DS,1,1,0.125,21,1,2016
BUDY P,1,1,0.111,30,1,2015
BUEDI EB,1,1,0.077,36,1,2011
BULLOCK JM,1,1,0.125,269,1,2016
BUMP JK,1,1,0.25,15,1,2020
BUNN SE,1,1,0.091,18,1,2013
BURBACH K,1,1,0.2,48,1,2019
BURKHALTER C,1,1,0.167,3,1,2018
BURNETT RD,1,1,0.111,14,1,2015
BURNS T,1,1,0.5,1,1,2022
BUSH CL,1,1,0.143,3,1,2017
BUSSO JM,1,1,0.2,19,1,2019
BUSTAMANTE J,1,1,0.071,7,1,2010
BUXTON AS,1,1,0.333,5,1,2021
BUZZARD PJ,1,1,0.167,3,1,2018
BYERLY PA,1,1,0.25,2,1,2020
CABELLO J,1,1,0.333,2,1,2021
CABODEVILLA X,1,2,0.333,6,2,2021
CABRERA J,1,1,0.25,13,1,2020
CACCIANIGA M,1,1,0.125,10,1,2016
CALDERON AP,1,1,0.167,32,1,2018
CALDERON-PARRA R,1,1,0.333,1,1,2021
CALL EM,1,1,0.25,4,1,2020
CAM E,1,1,0.077,78,1,2011
CAMERON AD,1,1,0.25,3,1,2020
CAMPA H,1,1,0.111,13,1,2015
CAMPBELL RD,1,1,0.125,12,1,2016
CANDELARIO L,1,1,0.143,12,1,2017
CANEDOLI C,1,1,0.167,53,1,2018
CANNINGS S,1,1,0.25,19,1,2020
CAPUTO B,1,1,0.2,7,1,2019
CARAZO-SALAZAR J,1,1,0.167,32,1,2018
CARDENAS JS,1,1,0.111,50,1,2015
CARLE RD,1,1,0.25,1,1,2020
CARRETERO MA,1,1,0.167,53,1,2018
CARRILLO-PERCASTEGUI SE,1,1,0.111,113,1,2015
CARRILLO-RUBIO E,1,1,0.1,21,1,2014
CARROLL CR,1,1,0.071,26,1,2010
CARTER SP,1,1,0.5,1,1,2022
CARVALHO EAR,1,1,0.333,1,1,2021
CASHINS SD,1,1,0.111,4,1,2015
CASPER AF,1,1,0.125,9,1,2016
CASSEL KW,1,1,0.2,2,1,2019
CASTANEDA F,1,1,0.167,32,1,2018
CASTANEDA PGD,1,1,0.111,50,1,2015
CASTILLO JA,1,1,0.167,6,1,2018
CASTLEBERRY SB,1,1,0.091,19,1,2013
CASTRO G,1,1,0.5,1,1,2022
CATLIN DH,1,1,0.167,4,1,2018
CATTERALL CP,1,1,0.111,30,1,2015
CAVADA N,1,1,0.2,19,1,2019
CAYUELA H,1,1,0.083,34,1,2012
CECALA KK,1,1,0.167,15,1,2018
CERQUEIRA MC,1,1,0.091,11,1,2013
CHADWICK A,1,1,0.5,1,1,2022
CHAMBERT T,1,1,0.143,20,1,2017
CHAN KMA,1,1,0.5,1,1,2022
CHANDLER RE,1,1,0.167,30,1,2018
CHANDRA K,1,1,0.5,1,1,2022
CHASE M,1,1,0.5,3,1,2022
CHELGREN ND,1,1,0.2,13,1,2019
CHEN GK,1,1,0.091,102,1,2013
CHEN MH,1,1,0.111,11,1,2015
CHENIER C,1,1,0.167,4,1,2018
CHESTNUT T,1,1,0.2,1,1,2019
CHETKIEWICZ CLB,1,1,0.167,4,1,2018
CHIRIAC S,1,1,0.143,13,1,2017
CHRISTENSEN SA,1,1,0.333,3,2,2021
CIOCANEA C,1,1,0.2,7,1,2019
CIOFI C,1,1,0.091,28,1,2013
CLARK DA,1,1,0.091,38,1,2013
CLARKE MF,1,1,0.111,30,1,2015
CLEMENT MJ,1,1,0.091,19,1,2013
CLEMENTS GR,1,1,0.333,4,1,2021
CLEO F,1,1,0.5,1,1,2022
CLIPP HL,1,1,0.333,2,1,2021
CLISBY N,1,1,0.111,2,1,2015
COBB DT,1,1,0.167,1,1,2018
COBOS C,1,1,0.5,1,1,2022
CODE S,1,1,0.125,9,1,2016
COETSEE AL,1,1,0.25,9,1,2020
COGALNICEANU D,1,1,0.143,7,1,2017
COHEN MM,1,1,0.25,1,1,2020
COHN-HAFT M,1,1,0.091,11,1,2013
COLEMAN M,1,1,0.1,26,1,2014
COLLINS K,1,1,0.5,3,1,2022
COLODRO V,1,1,0.25,1,1,2020
COLVIN ME,1,1,0.25,4,1,2020
COMBRISSON D,1,1,0.333,2,1,2021
COMER CE,1,1,0.143,35,1,2017
COMLEY J,1,1,0.333,6,1,2021
COMPOSTELLA C,1,1,0.125,10,1,2016
COMPTON JA,1,1,0.5,2,1,2022
CONNER MM,1,1,0.111,30,1,2015
CONTRERAS F,1,1,0.2,3,2,2019
CONWAY WC,1,1,0.143,35,1,2017
COOCH EG,1,1,0.1,21,1,2014
COOK R,1,1,0.056,148,1,2006
COOK RN,1,1,0.25,5,1,2020
COOKE SJ,1,1,0.167,9,1,2018
COOKSLEY SL,1,1,0.1,5,1,2014
COON CAC,1,1,0.25,5,1,2020
COOP JD,1,1,0.2,2,1,2019
COOPER WJ,1,1,0.25,10,1,2020
COPE WG,1,1,0.125,6,1,2016
COPELAND HE,1,1,0.167,3,1,2018
CORCORAN D,1,1,0.333,4,1,2021
CORLETT RT,1,1,0.25,6,1,2020
CORRAL L,1,1,0.5,2,1,2022
COSTA S,1,1,0.5,1,1,2022
COSTA TVV,1,1,0.091,11,1,2013
COULSON T,1,1,0.143,41,1,2017
COUTO TBD,1,1,0.167,18,1,2018
COUTURIER T,1,1,0.333,2,1,2021
COVE MV,1,1,0.5,2,2,2022
COZZI G,1,1,0.5,3,1,2022
CRABTREE RL,1,1,0.167,3,1,2018
CRAMPTON LH,1,1,0.143,4,1,2017
CRAWFORD CL,1,1,0.143,20,1,2017
CREGO RD,1,1,0.25,13,1,2020
CREMONESI G,1,1,0.333,3,2,2021
CROMSIGT JPGM,1,1,0.333,6,1,2021
CRONE E,1,1,0.5,1,1,2022
CROOSE E,1,1,0.5,1,1,2022
CROSBY AD,1,1,0.167,3,1,2018
CROVETTO F,1,1,0.2,4,1,2019
CROWE A,1,1,0.125,269,1,2016
CRUICKSHANK SS,1,1,0.333,4,1,2021
CRUZ J,1,1,0.5,1,1,2022
CRUZ P,1,2,0.143,69,2,2017
CUMMING GS,1,1,0.2,1,1,2019
CUNNINGHAM R,1,1,0.125,18,1,2016
CURRAS MR,1,1,0.333,1,1,2021
CURTIS PD,1,1,0.071,99,1,2010
CURVEIRA-SANTOS G,1,2,0.333,12,2,2021
CUSACK JJ,1,1,0.143,41,1,2017
CWYNAR B,1,1,0.5,1,1,2022
D'SOUZA E,1,1,0.091,20,1,2013
DAILY GC,1,1,0.167,9,1,2018
DANIELSON BJ,1,1,0.1,3,1,2014
DAS SK,1,1,0.333,7,1,2021
DASKIN JH,1,1,0.333,9,1,2021
DAUWALTER DC,1,1,0.2,13,1,2019
DAVEY ML,1,1,0.5,1,1,2022
DAVIDSON I,1,1,0.111,30,1,2015
DAVIES ZG,1,1,0.125,18,1,2016
DAVIS R,1,1,0.125,34,1,2016
DAVIS RJ,1,1,0.333,2,1,2021
DAWSON FN,1,1,0.167,4,1,2018
DAWSON RD,1,1,0.056,17,1,2006
DE ANGELO C,1,1,0.5,1,1,2022
DE KNIJF G,1,1,0.2,48,1,2019
DE LA TORRE JA,1,1,0.25,13,1,2020
DE OLIVEIRA TV,1,1,0.167,7,1,2018
DE ORNELLAS P,1,1,0.25,13,1,2020
DE VALPINE P,1,2,0.167,11,2,2018
DEBOER JA,1,1,0.125,9,1,2016
DECHNER A,1,1,0.167,7,1,2018
DEEPAK V,1,1,0.111,1,1,2015
DEERE NJ,1,1,0.2,26,1,2019
DEGAETANO AT,1,1,0.077,88,1,2011
DELANEY KS,1,1,0.333,4,1,2021
DELEHANTY DJ,1,1,0.167,11,1,2018
DELLA TORRE A,1,1,0.2,7,1,2019
DEMETRIO CGB,1,1,0.167,3,1,2018
DENNIS EB,1,1,0.2,29,1,2019
DENSMORE LD,1,1,0.333,1,1,2021
DEPERNO CS,1,1,0.333,2,1,2021
DEPPE JL,1,1,0.167,7,1,2018
DERLINDATI E,1,1,0.111,41,1,2015
DEVERS PK,1,1,0.25,1,1,2020
DEVESON E,1,1,0.111,36,1,2015
DEVICTOR V,1,1,0.083,34,1,2012
DEWAN A,1,1,0.067,233,1,2009
DEXTRASE AJ,1,1,0.2,5,1,2019
DEY DK,1,1,0.111,11,1,2015
DHANJAL-ADAMS KL,1,1,0.2,5,1,2019
DI BITETTI MS,1,2,0.143,69,2,2017
DI BLANCO Y,1,1,0.25,10,1,2020
DI NICOLA MR,1,1,0.5,3,1,2022
DIANA A,1,1,0.5,1,1,2022
DIAO YX,1,1,0.5,1,1,2022
DIAS DD,1,1,0.25,7,1,2020
DIAZ-PANIAGUA C,1,1,0.071,7,1,2010
DICKINSON JL,1,1,0.077,88,1,2011
DIEFENBACH DR,1,1,0.1,8,1,2014
DIEGMANN JS,1,1,0.143,4,1,2017
DINSMORE SJ,1,1,0.125,12,1,2016
DISTILLER G,1,1,0.333,1,1,2021
DLONIAK SM,1,1,0.5,1,1,2022
DOBBINS M,1,1,0.25,10,1,2020
DOBKIN DS,1,1,0.143,5,1,2017
DOBROWSKI SZ,1,1,0.125,35,1,2016
DOHERTY TS,1,1,0.25,9,1,2020
DOKA SE,1,1,0.167,9,1,2018
DOLEV A,1,1,0.25,1,1,2020
DOMINGUEZ AFR,1,1,0.167,10,1,2018
DONADIO E,1,1,0.333,1,1,2021
DONNELLY D,1,1,0.1,5,1,2014
DONOVAN TM,1,1,0.067,10,1,2009
DOS SANTOS LR,1,1,0.2,6,1,2019
DRAKE D,1,1,0.5,1,1,2022
DRAKE DAR,1,1,0.2,5,1,2019
DRAKE DL,1,1,0.1,29,1,2014
DRAKE KL,1,1,0.125,15,1,2016
DRAPEAU P,1,1,0.1,21,1,2014
DREW K,1,1,0.1,26,1,2014
DREWS A,1,1,0.333,17,1,2021
DRISCOLL DA,1,1,0.111,9,1,2015
DROEGE S,1,1,0.045,3047,1,2002
DROUILLY M,1,1,0.167,25,1,2018
DU PREEZ P,1,1,0.125,5,1,2016
DUARTE A,1,2,0.2,14,2,2019
DUARTE LD,1,1,0.167,9,1,2018
DUBOUR AJ,1,1,0.111,9,1,2015
DUCHAC LS,1,1,0.333,2,1,2021
DUCKWORTH GD,1,1,0.167,7,1,2018
DUCLOS TR,1,1,0.2,17,1,2019
DUDLEY JG,1,1,0.125,16,1,2016
DUNCAN RP,1,1,0.1,26,1,2014
DUNHAM JB,1,1,0.2,13,1,2019
DUNNING JB,1,1,0.125,20,1,2016
DUPUIS JA,1,1,0.077,2,1,2011
DURSO AM,1,1,0.091,22,1,2013
DYBALA KE,1,1,0.111,10,1,2015
EAKIN CJ,1,1,0.111,13,1,2015
EAMES JC,1,1,0.2,1,1,2019
EASTER T,1,1,0.2,10,1,2019
EATON MJ,1,1,0.2,5,1,2019
EDELBLUTTE E,1,1,0.25,5,1,2020
EDWARDS DP,1,2,0.111,50,2,2015
EICHELBERGER BA,1,1,0.25,2,1,2020
EICHENBERG D,1,1,0.333,17,1,2021
ELLIOT NB,1,2,0.25,9,2,2020
ELLIOTT-SMITH E,1,1,0.083,13,1,2012
ELLIS M,1,1,0.25,5,1,2020
ELLIS MM,1,1,0.2,5,1,2019
ELSEY EA,1,1,0.2,9,1,2019
ELSTON DA,1,1,0.091,16,1,2013
EMERSON SA,1,1,0.5,3,1,2022
ENDRESTOL A,1,1,0.5,1,1,2022
ENGILIS A,1,1,0.111,10,1,2015
EPPS CW,1,1,0.167,6,1,2018
ER KBH,1,1,0.333,1,1,2021
ERICKSON KD,1,1,0.333,12,1,2021
ESPINOZA-MUNOZ D,1,1,0.333,4,1,2021
ESSER HJ,1,1,0.25,13,1,2020
ESTEVE MA,1,1,0.2,7,1,2019
ESTEVO CA,1,1,0.143,14,1,2017
EVANS AL,1,1,0.333,2,1,2021
EVANS JM,1,1,0.077,78,1,2011
EVENSON JR,1,1,0.083,13,1,2012
EWERS RM,1,1,0.143,55,1,2017
EYSTER HN,1,1,0.5,1,1,2022
FAGAN WF,1,1,0.083,86,1,2012
FAISAL MM,1,1,0.333,5,1,2021
FALCONER CM,1,1,0.125,15,1,2016
FALCY MR,1,1,0.1,3,1,2014
FALLON FW,1,1,0.091,14,1,2013
FALLON JE,1,1,0.091,14,1,2013
FANDJINOU K,1,1,0.333,1,1,2021
FARACI F,1,1,0.5,3,1,2022
FARHADINIA MS,1,1,0.143,68,1,2017
FARNSWORTH ML,1,1,0.143,5,1,2017
FARRELL S,1,1,0.333,2,1,2021
FARRIS SC,1,2,0.2,13,2,2019
FATTEBERT J,1,1,0.2,32,1,2019
FAUST LJ,1,1,0.167,27,1,2018
FAY G,1,1,0.333,2,1,2021
FEARER T,1,1,0.2,6,1,2019
FEDY BC,1,1,0.167,3,1,2018
FENG JW,1,1,0.333,7,1,2021
FENG LM,1,1,0.2,21,1,2019
FENG RN,1,1,0.2,21,1,2019
FERREIRA MAR,1,1,0.125,103,1,2016
FERRERAS P,1,2,0.25,39,2,2020
FESENMYER KA,1,1,0.2,13,1,2019
FIDINO M,1,1,0.25,12,1,2020
FIELD SA,1,1,0.048,539,1,2003
FIGEL JJ,1,1,0.2,11,1,2019
FIGURA PJ,1,1,0.5,6,1,2022
FILIPPONI F,1,1,0.2,7,1,2019
FINEGAN B,1,1,0.333,4,1,2021
FINERTY GE,1,1,0.5,3,1,2022
FISCHER RA,1,1,0.091,31,1,2013
FISHER AC,1,1,0.1,11,1,2014
FITKIN S,1,1,0.25,9,1,2020
FLEMING KD,1,1,0.083,2,1,2012
FLEMING TL,1,1,0.071,27,1,2010
FLESCHUTZ MM,1,1,0.125,18,1,2016
FLESHER KM,1,1,0.167,7,1,2018
FLYMAN MV,1,1,0.5,3,1,2022
FOGARTY FA,1,2,0.333,4,2,2021
FOGELL DJ,1,1,0.333,5,1,2021
FOLETTO F,1,1,0.5,1,1,2022
FONSECA CR,1,2,0.167,13,2,2018
FORD WM,1,1,0.2,6,1,2019
FORDHAM DA,1,1,0.111,2,1,2015
FORERO-MEDINA G,1,1,0.2,11,1,2019
FOSS C,1,1,0.333,2,1,2021
FOSSOY F,1,1,0.5,1,1,2022
FOSTER LJ,1,1,0.167,11,1,2018
FOSTER RJ,1,1,0.167,32,1,2018
FOSTER S,1,1,0.2,29,1,2019
FOWLER AJ,1,1,0.111,2,1,2015
FOWLER NL,1,1,0.333,4,1,2021
FOX R,1,1,0.2,29,1,2019
FRANCISCO DR,1,1,0.25,39,1,2020
FRANKLIN AB,1,1,0.048,1184,1,2003
FRANKLIN E,1,1,0.25,4,1,2020
FRASER JD,1,1,0.167,4,1,2018
FREEMAN MC,1,1,0.167,3,1,2018
FREIRE JDM,1,1,0.333,1,1,2021
FREY SJK,1,1,0.125,40,1,2016
FRIMPONG EA,1,1,0.077,27,1,2011
FRINK TJ,1,1,0.5,2,1,2022
FRISCH JR,1,1,0.167,15,1,2018
FRITTS MW,1,1,0.125,9,1,2016
FROEHLY JL,1,1,0.2,6,1,2019
FUJISAKI I,1,1,0.083,7,1,2012
FULLER RA,1,1,0.2,5,1,2019
FUNES MC,1,1,0.111,6,1,2015
FUNSTON PJ,1,1,0.25,8,1,2020
FURTADO MM,1,1,0.083,64,1,2012
GAFFI L,1,1,0.333,3,2,2021
GAGLIARDI A,1,1,0.333,3,2,2021
GAIGHER R,1,1,0.25,7,1,2020
GAL B,1,1,0.333,4,1,2021
GALETTI M,1,1,0.25,10,1,2020
GALLO S,1,1,0.25,4,1,2020
GALLO T,1,2,0.167,9,2,2018
GALVAN SK,1,1,0.2,13,1,2019
GAMEZ S,1,1,0.333,5,1,2021
GANTCHOFF MG,1,1,0.125,12,1,2016
GARCES-VARGAS J,1,1,0.167,13,1,2018
GARCIA EJ,1,1,0.125,10,1,2016
GARCIA JM,1,1,0.333,1,1,2021
GARCIA K,1,1,0.25,1,1,2020
GARCIA-DIAZ P,1,1,0.25,1,1,2020
GARCIA-DOMINGUEZ F,1,1,0.125,10,1,2016
GARDNER P,1,1,0.5,1,1,2022
GARRIE J,1,1,0.25,3,1,2020
GARROTT RA,1,1,0.25,5,1,2020
GARTHWAITE DG,1,1,0.125,269,1,2016
GATORANO G,1,1,0.25,24,1,2020
GATTI S,1,1,0.1,20,1,2014
GAULKE SM,1,1,0.25,19,1,2020
GAUTIER R,1,1,0.059,129,1,2007
GAVIER-PIZARRO GI,1,1,0.25,16,1,2020
GAVRILIDIS AA,1,1,0.2,7,1,2019
GAYNOR KM,1,1,0.333,9,1,2021
GEHRING TM,1,1,0.25,4,1,2020
GENTILI R,1,1,0.333,1,1,2021
GEORGE TL,1,1,0.2,16,1,2019
GERVAIS A,1,1,0.333,6,1,2021
GHOLIKHANI N,1,1,0.143,68,1,2017
GHOSHAL A,1,1,0.333,3,1,2021
GIBERTINI C,1,1,0.5,3,2,2022
GIBSON LA,1,1,0.077,12,1,2011
GIBSON-REINEMER DK,1,1,0.125,9,1,2016
GIELEN MC,1,1,0.5,3,2,2022
GILABERT H,1,1,0.091,39,1,2013
GILL RE,1,1,0.167,4,1,2018
GILLANDERS BM,1,1,0.111,2,1,2015
GILLESPIE GR,1,1,0.143,43,1,2017
GILLILAND SG,1,1,0.5,2,1,2022
GILROY JJ,1,2,0.111,50,2,2015
GIMONA A,1,1,0.091,39,1,2013
GLISSON WJ,1,1,0.111,15,1,2015
GLORIOSO BM,1,1,0.091,11,1,2013
GLOWACKI GA,1,1,0.2,2,1,2019
GOAD EH,1,1,0.1,32,1,2014
GOBBI M,1,1,0.125,10,1,2016
GOCKEL S,1,1,0.083,5,1,2012
GODOY WAC,1,1,0.167,3,1,2018
GOERTLER PAL,1,1,0.25,4,1,2020
GOFFART P,1,1,0.2,48,1,2019
GOLABEK K,1,1,0.5,3,1,2022
GOLDBERG CS,1,2,0.25,11,2,2020
GOLDING JD,1,1,0.143,8,1,2017
GOLDSTEIN BR,1,2,0.5,7,2,2022
GOMEZ C,1,1,0.5,2,1,2022
GOMEZ JP,1,1,0.167,22,1,2018
GOMEZ-RODRIGUEZ C,1,1,0.071,7,1,2010
GOMPPER ME,1,1,0.2,12,1,2019
GONZALEZ LM,1,1,0.125,10,1,2016
GONZALEZ TM,1,1,0.333,3,1,2021
GONZALEZ-JAUREGUI M,1,1,0.5,2,1,2022
GONZALEZ-TRUJILLO JD,1,1,0.333,3,1,2021
GOODALE E,1,1,0.2,5,1,2019
GOODMAN SM,1,1,0.143,12,1,2017
GOOSSENS B,1,1,0.5,1,1,2022
GOPALASWAMY AM,1,2,0.083,39,2,2012
GORMLEY AM,1,1,0.1,26,1,2014
GOSALBEZ J,1,1,0.25,1,1,2020
GOTTLIEB IGW,1,1,0.25,4,1,2020
GRAF RF,1,1,0.167,27,1,2018
GRAGSON TL,1,1,0.167,15,1,2018
GRAINGER M,1,1,0.25,9,1,2020
GRAY TNE,1,1,0.2,1,1,2019
GREEN AM,1,1,0.5,3,3,2022
GREEN DS,1,1,0.2,19,1,2019
GREEN LE,1,1,0.067,39,1,2009
GREENBERG R,1,1,0.071,26,1,2010
GREGORY RD,1,1,0.167,30,1,2018
GREY MJ,1,1,0.111,30,1,2015
GRIFFITHS NP,1,1,0.2,27,1,2019
GRIFFITHS RA,1,1,0.333,5,1,2021
GRILO C,1,1,0.077,51,1,2011
GROUARD S,1,1,0.333,5,1,2021
GU BJ,1,1,0.5,1,1,2022
GU H,1,1,0.2,5,1,2019
GUILLERA-ARROITA G,1,1,0.2,7,1,2019
GUISAN A,1,1,0.071,7,1,2010
GUNTHER A,1,1,0.333,17,1,2021
GUSTAFSON KD,1,1,0.125,4,1,2016
HACKETT CE,1,2,0.2,13,2,2019
HADLEY AS,1,1,0.125,40,1,2016
HAHN BA,1,1,0.143,8,1,2017
HALL D,1,1,0.5,1,1,2022
HALL KC,1,1,0.111,2,1,2015
HALSTEAD BJ,1,2,0.167,16,2,2018
HAMEED S,1,1,0.1,66,1,2014
HAMEL S,1,1,0.143,68,1,2017
HANDLEY LL,1,1,0.2,27,1,2019
HANFLING B,1,1,0.2,27,1,2019
HANNI DJ,1,1,0.083,57,1,2012
HANNIFFY R,1,1,0.5,1,1,2022
HANNON DR,1,1,0.333,2,1,2021
HARIHAR A,1,1,0.333,7,1,2021
HARPER CA,1,1,0.125,21,1,2016
HARPER KJ,1,1,0.2,27,1,2019
HARPER LR,1,1,0.2,27,1,2019
HARRIS NC,1,2,0.333,6,2,2021
HARRIS SH,1,1,0.333,6,1,2021
HARRISON PJ,1,1,0.25,1,1,2020
HARTLEY AZ,1,1,0.111,113,1,2015
HARTLEY R,1,1,0.5,3,1,2022
HARTZ SM,1,1,0.167,9,1,2018
HATFIELD RG,1,1,0.25,19,1,2020
HATHAWAY SA,1,1,0.333,4,1,2021
HAUGAASEN T,1,3,0.111,51,3,2015
HAUKOS D,1,1,0.125,17,1,2016
HAULTON GS,1,1,0.143,8,1,2017
HAVMOLLER RW,1,1,0.2,19,1,2019
HAXTON TJ,1,1,0.143,12,1,2017
HAYNES TB,1,1,0.125,26,1,2016
HEATH JA,1,1,0.091,31,1,2013
HEDWALL S,1,1,0.5,1,1,2022
HEFNER JM,1,1,0.1,11,1,2014
HEGEL CGZ,1,1,0.2,6,1,2019
HEGRE H,1,1,0.5,1,1,2022
HEIM N,1,1,0.125,9,1,2016
HEINDL BAP,1,1,0.143,4,1,2017
HEINSOHN R,1,1,0.2,1,1,2019
HEISE RJ,1,1,0.125,6,1,2016
HEMP A,1,1,0.083,5,1,2012
HENDEN JA,1,1,0.091,14,1,2013
HENLE K,1,1,0.125,18,1,2016
HENLEY S,1,1,0.5,3,1,2022
HENNENLAN C,1,1,0.059,14,1,2007
HENRY DAW,1,1,0.2,1,1,2019
HEPINSTALL-CYMERMAN J,1,1,0.167,15,1,2018
HEPP GR,1,1,0.1,10,1,2014
HEPPER D,1,1,0.2,48,1,2019
HERNANDEZ F,1,1,0.091,39,1,2013
HERNANDEZ-POTOSME S,1,1,0.167,32,1,2018
HERON JM,1,1,0.25,19,1,2020
HERREL A,1,1,0.333,5,1,2021
HERRERA L,1,1,0.167,32,1,2018
HERRICK BM,1,1,0.5,1,1,2022
HERRMANN V,1,1,0.2,2,1,2019
HESTER A,1,1,0.091,39,1,2013
HESTER M,1,1,0.25,1,1,2020
HETHERINGTON DA,1,1,0.125,12,1,2016
HEURICH M,1,1,0.167,10,1,2018
HICKE JA,1,1,0.2,10,1,2019
HIDALGO-HERMOSO E,1,1,0.333,2,1,2021
HIGA M,1,1,0.111,25,1,2015
HILL RA,1,1,0.333,6,1,2021
HINDE J,1,1,0.167,3,1,2018
HOCKING DJ,1,1,0.333,3,1,2021
HOCTOR T,1,1,0.333,2,2,2021
HODGMAN TP,1,1,0.25,4,1,2020
HODUM P,1,1,0.25,1,1,2020
HOFER H,1,1,0.083,64,1,2012
HOLEKAMP KE,1,1,0.2,19,1,2019
HOLLERBACH L,1,1,0.167,10,1,2018
HOLLEY KS,1,1,0.25,4,1,2020
HOLLORAN AG,1,1,0.167,3,1,2018
HOLLORAN MJ,1,1,0.167,3,1,2018
HOLMES C,1,1,0.143,15,1,2017
HONEYCUTT RK,1,1,0.143,20,1,2017
HOSTETTER NJ,1,1,0.111,10,1,2015
HOUGHTON LM,1,1,0.167,4,1,2018
HOWE FP,1,1,0.048,106,1,2003
HOWE KB,1,1,0.167,11,1,2018
HOWELL CA,1,1,0.167,19,1,2018
HOWELL PE,1,1,0.5,1,1,2022
HOY SR,1,1,0.25,15,1,2020
HUA CL,1,1,0.5,1,1,2022
HUA Y,1,1,0.25,7,1,2020
HUANG G,1,1,0.25,6,1,2020
HUBBARD T,1,1,0.5,2,1,2022
HUBBELL SP,1,1,0.143,18,1,2017
HUCKE-GAETE R,1,1,0.167,13,1,2018
HUGHES B,1,1,0.5,1,1,2022
HULSE D,1,1,0.333,2,2,2021
HUNT JW,1,1,0.083,24,1,2012
HUNTE W,1,1,0.067,10,1,2009
HUNTSMAN BM,1,2,0.167,9,2,2018
HURLBERT AH,1,1,0.25,9,1,2020
HURTADO-ASTAIZA J,1,2,0.091,113,2,2013
HUSBAND TP,1,1,0.063,258,1,2008
HUSSAIN HS,1,1,0.25,4,1,2020
HUTTO RL,1,1,0.077,78,1,2011
HUTTON JM,1,1,0.25,8,1,2020
HUYVAERT KP,1,1,0.167,17,1,2018
IANNARILLI F,1,1,0.5,2,1,2022
IEZZI ME,1,1,0.5,1,1,2022
IGLECIA MN,1,1,0.083,15,1,2012
IKIN K,1,1,0.125,18,1,2016
IMBEAU L,1,1,0.1,21,1,2014
INGWERSEN D,1,1,0.111,30,1,2015
IRIZARRY JI,1,1,0.125,12,1,2016
IRWIN LL,1,1,0.071,27,1,2010
ISAAK DJ,1,1,0.2,13,1,2019
ISDEN J,1,1,0.5,3,1,2022
ISOKE S,1,1,0.2,9,1,2019
JACHOWSKI CMB,1,1,0.2,6,1,2019
JACKSON DA,1,1,0.167,13,1,2018
JACKSON PJ,1,1,0.167,11,1,2018
JACOBI SK,1,1,0.111,15,1,2015
JACOBSEN RM,1,1,0.5,1,1,2022
JACOMO ATA,1,1,0.083,64,1,2012
JAMTSHO R,1,1,0.5,2,1,2022
JANSEN F,1,1,0.333,17,1,2021
JANSEN PA,1,2,0.25,13,2,2020
JARCHOW CJ,1,1,0.111,68,1,2015
JATHANNA D,1,1,0.25,4,1,2020
JAY SC,1,1,0.167,3,1,2018
JEFFERY BM,1,1,0.083,7,1,2012
JEFFRESS MR,1,1,0.167,6,1,2018
JEHLE R,1,1,0.5,2,1,2022
JELKS HL,1,1,0.167,3,1,2018
JENKINS CL,1,1,0.143,15,1,2017
JEPSEN JU,1,1,0.111,5,1,2015
JESSOP TS,1,1,0.091,28,1,2013
JHA A,1,1,0.5,1,1,2022
JI YQ,1,1,0.5,1,1,2022
JIANG GS,1,1,0.25,7,1,2020
JIANG XL,1,1,0.167,14,1,2018
JIMENEZ JE,1,1,0.333,1,1,2021
JNAWALI SR,1,2,0.25,4,2,2020
JOACHIM J,1,1,0.077,2,1,2011
JOHNSON AEM,1,1,0.2,2,1,2019
JOHNSON BA,1,1,0.125,6,1,2016
JOHNSON PJ,1,1,0.125,12,1,2016
JONES CJ,1,1,0.1,26,1,2014
JONES GM,1,1,0.25,4,1,2020
JONES HH,1,1,0.333,6,1,2021
JONES TR,1,1,0.143,20,1,2017
JONES-FARRAND DT,1,1,0.25,4,1,2020
JORDAN CA,1,1,0.25,13,1,2020
JORGENSEN CF,1,1,0.1,9,1,2014
JOSHI BD,1,1,0.5,1,1,2022
JOSHI V,1,1,0.25,4,1,2020
JUBILI J,1,2,0.333,4,2,2021
KABIR M,1,1,0.1,66,1,2014
KADARIYA R,1,1,0.5,2,1,2022
KAFLEY H,1,1,0.2,12,1,2019
KALKMAN VJ,1,1,0.2,48,1,2019
KALKO EKV,1,1,0.083,5,1,2012
KALLE R,1,1,0.125,18,1,2016
KALYAHE M,1,1,0.143,41,1,2017
KANDEL RC,1,1,0.25,4,1,2020
KANE MD,1,1,0.143,68,1,2017
KARENYI N,1,1,0.125,6,1,2016
KARL BJ,1,1,0.1,26,1,2014
KARPANTY S,1,1,0.143,15,1,2017
KARUBIAN J,1,1,0.25,5,1,2020
KASS JM,1,1,0.25,10,1,2020
KATAYAMA N,1,1,0.333,4,1,2021
KAUHALA K,1,1,0.143,15,1,2017
KAUTZ TM,1,1,0.333,4,1,2021
KAWALKAR D,1,1,0.333,1,1,2021
KAWANISHI K,1,1,0.053,304,1,2005
KEANE JJ,1,1,0.25,9,1,2020
KEEPING D,1,1,0.5,3,1,2022
KEINATH DA,1,1,0.25,19,1,2020
KELKAR N,1,1,0.091,20,1,2013
KELLNER JR,1,1,0.143,18,1,2017
KELLY EG,1,1,0.083,13,1,2012
KENDALL BE,1,1,0.2,5,1,2019
KENDALL KC,1,1,0.083,10,1,2012
KENNARD MJ,1,1,0.091,18,1,2013
KENNEDY CM,1,1,0.143,6,1,2017
KENNEDY PL,1,1,0.143,5,1,2017
KESCH K,1,1,0.5,3,1,2022
KESLER DC,1,1,0.333,4,1,2021
KESSINGER BE,1,1,0.333,2,1,2021
KEYSER PD,1,1,0.125,21,1,2016
KHADKA M,1,1,0.2,12,1,2019
KHAN B,1,1,0.25,4,1,2020
KHANAL G,1,1,0.143,20,1,2017
KHANAL K,1,1,0.25,4,1,2020
KHANYARI M,1,1,0.333,3,1,2021
KHARA A,1,1,0.333,3,1,2021
KHOO MDY,1,1,0.333,1,1,2021
KHOT R,1,1,0.25,3,1,2020
KIDWAI Z,1,1,0.2,18,1,2019
KILSHAW K,1,1,0.125,12,1,2016
KINDBERG J,1,1,0.333,6,1,2021
KINDVALL O,1,1,0.25,1,1,2020
KING R,1,1,0.125,11,1,2016
KING TW,1,1,0.25,9,1,2020
KING WM,1,1,0.2,1,1,2019
KINGSFORD RT,1,1,0.167,9,1,2018
KIRK TA,1,1,0.111,13,1,2015
KIRSCH JE,1,1,0.1,16,1,2014
KITCHENER AC,1,1,0.125,12,1,2016
KITTUR SA,1,1,0.083,17,1,2012
KLEEMAN PM,1,1,0.5,1,1,2022
KNAPE J,1,1,0.167,15,1,2018
KNIGHT RL,1,1,0.1,32,1,2014
KOCH JB,1,1,0.25,19,1,2020
KOCH JC,1,2,0.125,26,2,2016
KOENIG WD,1,1,0.077,88,1,2011
KOIKE F,1,1,0.25,10,1,2020
KOIZUMI I,1,1,0.111,25,1,2015
KOKOLE M,1,1,0.5,3,1,2022
KOLOWSKI JM,1,1,0.333,16,1,2021
KOLSTROM R,1,1,0.167,4,1,2018
KOPER N,1,1,0.143,3,1,2017
KOSHIDA C,1,1,0.333,4,1,2021
KOTOWSKA D,1,1,0.167,15,1,2018
KOTZE R,1,1,0.5,3,1,2022
KPELLE DG,1,1,0.077,36,1,2011
KRAMER DL,1,1,0.067,10,1,2009
KREITZMAN M,1,1,0.5,1,1,2022
KREPSCHI VG,1,1,0.167,22,1,2018
KROFEL M,1,1,0.5,1,1,2022
KROSS CS,1,1,0.143,3,1,2017
KRUGER LM,1,1,0.2,11,1,2019
KRUPINSKI D,1,1,0.167,15,1,2018
KUHNS AR,1,1,0.091,38,1,2013
KULAVMODE AR,1,1,0.2,4,1,2019
KUMAR NS,1,1,0.083,38,1,2012
KUO RC,1,1,0.111,11,1,2015
KUTT A,1,1,0.111,30,1,2015
KWAK TJ,1,1,0.125,6,1,2016
KWON E,1,1,0.167,4,1,2018
LA HAYE MJJ,1,1,0.111,11,1,2015
LACHMAN GB,1,1,0.045,3047,1,2002
LADLE A,1,1,0.167,30,1,2018
LAFFERTY DJR,1,1,0.5,2,1,2022
LAHKAR D,1,1,0.333,7,1,2021
LAKER J,1,1,0.091,39,1,2013
LAMA ST,1,1,0.25,4,1,2020
LAMB JY,1,1,0.143,2,1,2017
LAMBIN X,1,2,0.091,16,2,2013
LAMOTHE KA,1,1,0.2,5,1,2019
LANDERS RH,1,1,0.143,21,1,2017
LANGELAND K,1,1,0.091,14,1,2013
LANGMORE N,1,1,0.2,1,1,2019
LANGTIMM CA,1,1,0.045,3047,1,2002
LAPOINTE NWR,1,1,0.167,9,1,2018
LARKIN DJ,1,1,0.111,15,1,2015
LARKIN JL,1,1,0.2,6,1,2019
LAROSE SH,1,1,0.5,2,1,2022
LASKE SM,1,1,0.125,26,1,2016
LASSOIE JP,1,1,0.1,21,1,2014
LAWSON CK,1,1,0.25,3,1,2020
LEBERG PL,1,1,0.25,2,1,2020
LEBRUN JJ,1,1,0.167,1,1,2018
LEE BPYH,1,1,0.333,1,1,2021
LEE DE,1,1,0.111,35,1,2015
LEFLORE E,1,1,0.5,3,1,2022
LEGARE ML,1,1,0.1,6,1,2014
LEHRER EW,1,1,0.25,12,1,2020
LEIGH DS,1,1,0.167,15,1,2018
LEIMGRUBER P,1,1,0.25,13,1,2020
LELE A,1,1,0.25,4,1,2020
LEPAGE C,1,1,0.25,1,1,2020
LEPARD CC,1,1,0.2,17,1,2019
LERCH MD,1,1,0.2,5,1,2019
LESLIE AJ,1,1,0.125,5,1,2016
LESTON LFV,1,1,0.143,3,1,2017
LEWIS C,1,1,0.5,1,1,2022
LEWIS TL,1,1,0.111,9,1,2015
LI HL,1,1,0.333,7,1,2021
LI JL,1,1,0.2,27,1,2019
LI S,1,1,0.167,20,1,2018
LI YH,1,1,0.5,1,1,2022
LI ZL,1,1,0.2,21,1,2019
LIETZ R,1,2,0.333,4,2,2021
LIM BTM,1,1,0.333,1,1,2021
LIM HY,1,1,0.5,1,1,2022
LIMA C,1,1,0.5,1,1,2022
LIMA KA,1,1,0.25,4,1,2020
LINDELL C,1,1,0.167,7,1,2018
LINDEMAN M,1,1,0.167,7,1,2018
LINK A,1,1,0.2,26,1,2019
LINNELL JDC,1,1,0.333,6,1,2021
LISKE-CLARK J,1,1,0.25,2,1,2020
LITUMA CM,1,1,0.125,13,1,2016
LIZCANO D,1,1,0.091,113,1,2013
LKHAGVAJAV P,1,1,0.333,4,1,2021
LKHAGVASUREN B,1,1,0.143,7,1,2017
LLANEZA L,1,1,0.125,10,1,2016
LLOYD JD,1,1,0.143,8,1,2017
LOAEZA DG,1,1,0.333,1,1,2021
LOAEZA SG,1,1,0.333,1,1,2021
LOEB SC,1,1,0.2,4,1,2019
LOGAN MK,1,1,0.125,6,1,2016
LOGGINS AA,1,1,0.2,11,1,2019
LOMAN ZG,1,1,0.167,8,1,2018
LONG RA,1,1,0.067,10,1,2009
LONGORIA MP,1,1,0.059,9,1,2007
LOO AHB,1,1,0.333,1,1,2021
LOPEZ NIG,1,1,0.333,1,1,2021
LOPEZ-BAO JV,1,1,0.125,10,1,2016
LOPEZ-IBORRA GM,1,1,0.2,1,1,2019
LOPRETE L,1,1,0.5,1,1,2022
LOUPPE V,1,1,0.333,5,1,2021
LOUW CJ,1,1,0.2,18,1,2019
LOVERIDGE R,1,1,0.2,1,1,2019
LOWE WH,1,1,0.067,39,1,2009
LOY RHY,1,1,0.333,1,1,2021
LOYN RH,1,1,0.111,30,1,2015
LUA HK,1,1,0.333,1,1,2021
LUCE CH,1,1,0.2,13,1,2019
LUCHERINI M,1,1,0.071,134,1,2010
LUISELLI L,1,1,0.056,43,1,2006
LUNDSTROM A,1,1,0.25,1,1,2020
LUNGHI E,1,1,0.167,53,1,2018
LUSK JJ,1,1,0.1,9,1,2014
LUTE AC,1,1,0.2,13,1,2019
LUUKKONEN DR,1,1,0.25,2,1,2020
LUZA AL,1,1,0.167,9,1,2018
LYNCH HJ,1,1,0.1,83,1,2014
LYONS JE,1,1,0.083,13,1,2012
LYVER PO,1,1,0.1,26,1,2014
MA KP,1,1,0.091,102,1,2013
MAC NALLY R,1,1,0.111,30,1,2015
MACCAFFERY M,1,1,0.5,1,1,2022
MACCHI L,1,1,0.25,16,1,2020
MACCLUSKIE MC,1,1,0.091,49,1,2013
MACDONALD MA,1,1,0.111,30,1,2015
MACFARLANE WW,1,1,0.111,30,1,2015
MACLEAN SA,1,1,0.167,10,1,2018
MACLENNAN S,1,1,0.25,8,1,2020
MACLEOD AC,1,1,0.083,10,1,2012
MACLEOD CJ,1,1,0.1,26,1,2014
MACPHERSON J,1,1,0.5,1,1,2022
MACVEAN SK,1,1,0.5,1,1,2022
MAERZ JC,1,1,0.167,15,1,2018
MAESTRI R,1,1,0.167,9,1,2018
MAFFIOLETTI C,1,1,0.125,10,1,2016
MAGALHAES A,1,1,0.5,1,1,2022
MAGEE PA,1,1,0.2,2,1,2019
MAGLE SB,1,1,0.25,12,1,2020
MAGNUSON ML,1,1,0.167,6,1,2018
MAGOUN AJ,1,1,0.167,4,1,2018
MAHARJAN R,1,1,0.2,12,1,2019
MAHER SP,1,1,0.2,3,1,2019
MAHMOOD T,1,1,0.25,4,1,2020
MAHONEY PJ,1,1,0.25,5,1,2020
MAHONY MJ,1,1,0.333,5,1,2021
MAHOOD SP,1,1,0.2,1,1,2019
MAIR L,1,1,0.25,1,1,2020
MAJANEVA MAM,1,1,0.5,1,1,2022
MALHOTRA R,1,1,0.333,1,1,2021
MAMMO S,1,1,0.333,1,1,2021
MANAKADAN R,1,1,0.2,4,1,2019
MANCHL SS,1,1,0.333,1,1,2021
MANGAN AO,1,1,0.2,1,1,2019
MANGIPANE BA,1,1,0.167,4,1,2018
MANICA M,1,1,0.2,7,1,2019
MANN GKH,1,1,0.333,6,1,2021
MANNAN S,1,1,0.167,2,1,2018
MANOLACHE S,1,1,0.2,7,1,2019
MANSONS J,1,1,0.333,2,1,2021
MAPHISA DH,1,1,0.2,6,1,2019
MARAGLIANO RE,1,1,0.25,8,1,2020
MARAS GA,1,1,0.111,41,1,2015
MARBOUTIN E,1,1,0.1,20,1,2014
MARESCOT L,1,1,0.25,9,1,2020
MARIN RMR,1,1,0.333,1,1,2021
MARINHO PH,1,1,0.167,12,1,2018
MARINI MA,1,1,0.2,6,1,2019
MARON M,1,1,0.111,30,1,2015
MARQUEZ R,1,1,0.25,1,1,2020
MARRA PM,1,1,0.111,13,1,2015
MARSHAL JP,1,1,0.2,18,1,2019
MARTA S,1,1,0.25,16,1,2020
MARTELL D,1,1,0.111,3,1,2015
MARTIN RW,1,1,0.167,9,1,2018
MARTIN ZP,1,1,0.167,3,1,2018
MARTINEZ JE,1,1,0.143,16,1,2017
MARTINEZ JZI,1,1,0.5,1,1,2022
MARTINEZ-MARTI C,1,1,0.125,15,1,2016
MARTINOLI A,1,1,0.333,3,2,2021
MARTINS DJ,1,1,0.25,13,1,2020
MARTINS Q,1,1,0.143,68,1,2017
MASENGA EH,1,1,0.25,8,1,2020
MASHIKO M,1,1,0.333,4,1,2021
MASSIE DL,1,1,0.333,4,1,2021
MASTRANGELO M,1,1,0.25,16,1,2020
MATA JM,1,1,0.25,16,1,2020
MATHAI J,1,1,0.167,2,1,2018
MATICA SZ,1,1,0.25,4,1,2020
MATTHEWS J,1,1,0.167,7,1,2018
MATTHEWS SM,1,1,0.143,21,1,2017
MATTSSON BJ,1,1,0.077,80,1,2011
MAUDE G,1,1,0.5,3,1,2022
MAURER BA,1,1,0.167,7,1,2018
MAY RF,1,1,0.25,8,1,2020
MAZZAMUTO MV,1,1,0.333,2,1,2021
MBISANA C,1,2,0.167,30,2,2018
MCANEY K,1,1,0.5,1,1,2022
MCCAIN CM,1,1,0.2,16,1,2019
MCCALL AH,1,1,0.5,1,1,2022
MCCARTHY JL,1,1,0.333,5,1,2021
MCCARTHY KP,1,1,0.333,5,1,2021
MCCARTHY MA,1,2,0.143,44,2,2017
MCCREARY B,1,2,0.2,14,2,2019
MCCUNE F,1,1,0.25,14,1,2020
MCDONALD Z,1,1,0.25,5,1,2020
MCFARLANE K,1,1,0.5,3,1,2022
MCINTYRE CL,1,1,0.091,49,1,2013
MCKELVEY K,1,1,0.2,13,1,2019
MCKERROW AJ,1,1,0.083,15,1,2012
MCLEOD MA,1,1,0.059,14,1,2007
MCNULTY S,1,1,0.333,2,1,2021
MCPHEE SR,1,1,0.167,7,1,2018
MEDDENS AJH,1,1,0.2,10,1,2019
MEIJAARD E,1,1,0.167,2,1,2018
MELERO Y,1,1,0.25,1,1,2020
MELLIN C,1,1,0.111,2,1,2015
MELOTTO A,1,1,0.167,53,1,2018
MENA JL,1,1,0.25,13,1,2020
MENDES CP,1,1,0.25,10,1,2020
MENESES LO,1,1,0.333,2,1,2021
MENKE S,1,1,0.25,10,1,2020
MICHAEL D,1,1,0.125,18,1,2016
MIDDLETON AD,1,1,0.333,1,1,2021
MIDLANE N,1,1,0.1,20,1,2014
MIDWAY SR,1,1,0.1,12,1,2014
MIDWOOD JD,1,1,0.167,9,1,2018
MIKUSINSKI G,1,1,0.333,5,1,2021
MILANOVICH JR,1,1,0.333,3,1,2021
MILLER DA,1,1,0.167,8,1,2018
MILLER TJ,1,1,0.2,16,1,2019
MILLS G,1,1,0.5,3,1,2022
MILNER RL,1,1,0.083,13,1,2012
MILNER-GULLAND EJ,1,1,0.25,13,1,2020
MILTON DA,1,1,0.2,5,1,2019
MIRANDA LE,1,1,0.25,4,1,2020
MIRITIS V,1,1,0.25,9,1,2020
MITAI K,1,1,0.167,14,1,2018
MITCHELL BR,1,1,0.067,10,1,2009
MITCHELL SL,1,1,0.333,4,1,2021
MJINGO EE,1,1,0.25,8,1,2020
MKASANGA IJ,1,1,0.143,3,1,2017
MOE K,1,1,0.333,2,1,2021
MOHD-AZLAN J,1,1,0.111,97,1,2015
MOHREN SR,1,1,0.167,6,1,2018
MOLINA FM,1,1,0.333,1,1,2021
MOLINA GM,1,1,0.333,1,1,2021
MOLINA UM,1,1,0.333,1,1,2021
MOLINA YM,1,1,0.333,1,1,2021
MOLLENHAUER R,1,2,0.143,13,2,2017
MONROE KD,1,1,0.143,5,1,2017
MONTALTI D,1,1,0.25,8,1,2020
MONTERROSO P,1,2,0.25,39,2,2020
MOORE JA,1,1,0.167,27,1,2018
MOORE JE,1,1,0.053,99,1,2005
MOORMAN CE,1,1,0.333,2,1,2021
MORAL RA,1,1,0.167,3,2,2018
MORALES J,1,1,0.167,13,1,2018
MORAPEDI M,1,1,0.5,3,1,2022
MOREIRA-ARCE D,1,1,0.333,2,1,2021
MORGAN BJT,1,1,0.2,29,1,2019
MORGAN S,1,1,0.5,3,1,2022
MORIARTY KM,1,1,0.111,13,1,2015
MORIN DJ,1,1,0.5,1,1,2022
MORREALE SJ,1,1,0.1,21,1,2014
MORRISON ML,1,1,0.2,2,1,2019
MORRISON SA,1,1,0.083,83,1,2012
MORTON DC,1,1,0.25,13,1,2020
MOS J,1,1,0.25,12,1,2020
MOSER AM,1,1,0.167,11,1,2018
MOSLEY CB,1,1,0.5,1,1,2022
MOTTE G,1,1,0.2,48,1,2019
MOU P,1,1,0.2,21,1,2019
MOUGEOT F,1,1,0.333,6,1,2021
MOURGUIART B,1,1,0.333,2,1,2021
MOYA S,1,1,0.5,1,1,2022
MUKHERJEE T,1,1,0.5,1,1,2022
MUNOZ A,1,1,0.333,3,1,2021
MUNOZ-IGUALADA J,1,1,0.125,10,1,2016
MURAO R,1,1,0.167,14,1,2018
MURDOCH JD,1,1,0.143,7,1,2017
MURILLO O,1,1,0.333,6,1,2021
MURILLO-GARCIA OE,1,1,0.333,1,1,2021
MURRAY F,1,1,0.25,16,1,2020
MURRAY MH,1,1,0.25,12,1,2020
MURRAY NJ,1,1,0.2,5,1,2019
MURRY BA,1,1,0.25,4,1,2020
MWAURA A,1,1,0.5,1,1,2022
NADER CE,1,1,0.091,11,1,2013
NAFUS MG,1,1,0.25,2,1,2020
NAGY C,1,1,0.5,2,1,2022
NAGY-REIS MB,1,1,0.143,14,1,2017
NAING H,1,1,0.333,2,1,2021
NAMEER PO,1,1,0.5,1,1,2022
NANNI V,1,1,0.167,53,1,2018
NARANGO DL,1,1,0.143,73,1,2017
NAREFF GE,1,1,0.2,6,1,2019
NAVA M,1,1,0.2,1,1,2019
NAVEDA-RODRIGUEZ A,1,1,0.25,1,1,2020
NAWAZ MA,1,1,0.1,66,1,2014
NAZIR R,1,1,0.25,4,1,2020
NEGROES N,1,1,0.25,1,1,2020
NEL HP,1,1,0.2,18,1,2019
NEL R,1,1,0.125,6,1,2016
NEUBAUER G,1,1,0.091,2,2,2013
NEVILLE HM,1,1,0.2,13,1,2019
NEWBOLD T,1,1,0.25,20,1,2020
NEWKIRK ES,1,1,0.167,10,1,2018
NEWMAN RA,1,1,0.125,4,1,2016
NEWTON DS,1,1,0.2,9,1,2019
NG K,1,1,0.111,9,1,2015
NG ST,1,1,0.5,1,1,2022
NGAKA K,1,1,0.5,3,1,2022
NGATIA DK,1,1,0.5,1,1,2022
NGENE S,1,1,0.5,1,1,2022
NGOPRASERT D,1,1,0.25,2,1,2020
NGUYEN HT,1,1,0.25,1,1,2020
NICHOLAS AC,1,1,0.25,19,1,2020
NICHOLS RB,1,1,0.125,6,1,2016
NICHOLSON KL,1,1,0.1,6,1,2014
NICKLEN EF,1,1,0.091,44,1,2013
NIEJALKE D,1,1,0.048,539,1,2003
NIENOW SS,1,1,0.333,1,1,2021
NIMMO DG,1,1,0.2,7,1,2019
NIYIGABA P,1,1,0.25,24,1,2020
NOON BR,1,1,0.143,5,1,2017
NORAMBUENA K,1,1,0.333,2,1,2021
NORDEN J,1,1,0.25,1,1,2020
NORDENSTEN NJ,1,1,0.167,6,1,2018
NORKKO A,1,1,0.111,10,1,2015
NORKKO J,1,1,0.111,10,1,2015
NORMANDIN E,1,1,0.25,14,1,2020
NORTON RA,1,1,0.25,4,1,2020
NORVELL RE,1,1,0.048,106,1,2003
NOSS RF,1,1,0.2,11,1,2019
NOVAGA R,1,1,0.5,1,1,2022
NOVARO AJ,1,1,0.111,6,1,2015
NOWAK C,1,1,0.167,10,1,2018
NUNEZ-REGUEIRO MM,1,1,0.111,41,1,2015
NYE JA,1,1,0.2,16,1,2019
NYSEWANDER DR,1,1,0.083,13,1,2012
O'BRIEN DJ,1,1,0.333,4,1,2021
O'BRIEN T,1,1,0.25,1,2,2020
O'DONNELL L,1,1,0.125,17,1,2016
O'HARA RB,1,1,0.083,5,1,2012
O'LEARY CA,1,1,0.2,16,1,2019
O'RIAIN M,1,1,0.1,20,1,2014
OAKLEAF RJ,1,1,0.143,5,1,2017
OBLOZA P,1,1,0.167,15,1,2018
OCOCK JF,1,1,0.167,9,1,2018
ODDEN J,1,1,0.333,6,1,2021
ODONJAVKHLAN C,1,1,0.333,4,1,2021
OFTEN A,1,1,0.5,1,1,2022
OGURCAK D,1,1,0.083,7,1,2012
OGUTU JO,1,1,0.25,13,1,2020
OJA E,1,2,0.333,6,2,2021
OJWANG GO,1,1,0.25,13,1,2020
OKES NC,1,1,0.143,6,1,2017
OLEY J,1,1,0.333,16,1,2021
OLIVER DL,1,1,0.111,30,1,2015
OLIVER K,1,1,0.25,2,1,2020
OLIVIER A,1,1,0.083,34,1,2012
OLMOS M,1,1,0.167,32,1,2018
OLNAOS M,1,1,0.25,13,1,2020
OLSON LE,1,1,0.143,5,1,2017
ONETO F,1,1,0.2,13,1,2019
ONO S,1,1,0.111,25,1,2015
ORIOLI V,1,1,0.333,1,1,2021
ORTEGA J,1,1,0.25,13,1,2020
ORTEGA-ALVAREZ R,1,1,0.333,1,1,2021
OTT JR,1,1,0.083,24,1,2012
OTTO CRV,1,1,0.091,27,1,2013
OUSTERHOUT BH,1,1,0.1,29,1,2014
OUTHWAITE CL,1,1,0.167,30,1,2018
OWENS AK,1,1,0.5,1,1,2022
OZGUL A,1,1,0.143,7,1,2017
PACHECO-ESQUIVEL J,1,1,0.25,13,1,2020
PACHOMSKI A,1,1,0.333,2,1,2021
PACZKOWSKI J,1,1,0.125,9,1,2016
PADDING PI,1,1,0.25,1,1,2020
PAIRMAN D,1,1,0.1,26,1,2014
PAL S,1,1,0.25,3,1,2020
PALACIO FX,1,1,0.25,8,1,2020
PALACIOS V,1,1,0.125,10,1,2016
PALAZON JA,1,1,0.125,15,1,2016
PALAZON S,1,1,0.25,1,1,2020
PANDOLFO TJ,1,1,0.125,6,1,2016
PANGAU-ADAM MZ,1,1,0.2,1,1,2019
PANTHI S,1,1,0.143,20,1,2017
PAOLINO RM,1,1,0.167,22,1,2018
PARDO JM,1,1,0.5,1,1,2022
PARKER DM,1,1,0.333,6,1,2021
PARKER KA,1,1,0.25,3,1,2020
PARRIS K,1,1,0.048,539,1,2003
PARRISH JR,1,1,0.048,106,1,2003
PARSONS B,1,1,0.333,4,1,2021
PART T,1,1,0.167,15,1,2018
PASQUALOTTO N,1,1,0.167,22,1,2018
PASTOR P,1,1,0.25,13,1,2020
PATANKAR V,1,1,0.091,20,1,2013
PATEL P,1,1,0.25,3,1,2020
PATEL S,1,1,0.333,1,1,2021
PATERSON JT,1,1,0.25,5,1,2020
PATTEN KA,1,1,0.167,9,1,2018
PAUDEL RP,1,1,0.5,2,1,2022
PAULI BP,1,1,0.143,8,1,2017
PAULI JN,1,1,0.333,1,1,2021
PAULIOS AT,1,1,0.111,15,1,2015
PAVIOLO A,1,2,0.143,69,2,2017
PAVLACKY DL,1,1,0.25,6,1,2020
PAWAR UR,1,1,0.333,3,1,2021
PAXTON EH,1,1,0.143,4,1,2017
PAYAN E,1,1,0.2,26,1,2019
PE'ER G,1,1,0.125,18,1,2016
PEABOTUWAGE I,1,1,0.2,5,1,2019
PEACH MA,1,1,0.143,10,1,2017
PEACOCK MM,1,1,0.2,13,1,2019
PEARL CA,1,2,0.2,14,2,2019
PEELE AM,1,1,0.111,13,1,2015
PEERY MZ,1,1,0.25,9,1,2020
PENDERGAST ME,1,1,0.5,1,1,2022
PENNATI R,1,1,0.167,53,1,2018
PEOPLES BK,1,1,0.077,27,1,2011
PEQUENO PACL,1,1,0.25,4,1,2020
PEREIRA JMC,1,1,0.333,5,1,2021
PEREIRA S,1,1,0.167,32,1,2018
PEREZ-HERNANDEZ CG,1,1,0.333,2,1,2021
PERILLO J,1,1,0.333,4,1,2021
PEROTTO-BALDIVIESO HL,1,1,0.25,16,1,2020
PERRY RW,1,1,0.1,17,1,2014
PETERS VE,1,1,0.071,26,1,2010
PETITPAS R,1,1,0.091,39,1,2013
PETRUS A,1,2,0.333,4,2,2021
PETZOLD F,1,1,0.333,17,1,2021
PFEIFER M,1,1,0.143,55,1,2017
PFEIFFER S,1,1,0.083,5,1,2012
PHILIPS A,1,1,0.111,4,1,2015
PHOONJAMPA R,1,1,0.25,9,1,2020
PHUMANEE W,1,1,0.25,9,1,2020
PIAS KE,1,1,0.143,4,1,2017
PICHORIM M,1,1,0.2,6,1,2019
PIERCE D,1,1,0.333,4,1,2021
PIERCE NE,1,1,0.5,1,1,2022
PINE WE,1,1,0.25,24,1,2020
PINHEIRO MS,1,1,0.25,20,1,2020
PIQUER-RODRIGUEZ M,1,1,0.25,16,1,2020
PIRY S,1,1,0.111,36,1,2015
PISANU B,1,1,0.333,5,1,2021
PITMAN J,1,1,0.125,17,1,2016
PITMAN RT,1,1,0.333,6,1,2021
PIZZIO E,1,1,0.5,1,1,2022
PLATTNER M,1,1,0.091,102,1,2013
PLUMIER E,1,1,0.5,1,1,2022
POLEY LG,1,1,0.167,4,1,2018
POLLOCK KH,1,1,0.111,10,1,2015
PONCIANO JM,1,1,0.167,22,1,2018
POP MI,1,1,0.143,13,1,2017
PORTISS R,1,1,0.167,9,1,2018
POSSINGHAM HP,1,1,0.048,539,1,2003
POST VAN DER BURG M,1,1,0.077,10,1,2011
POTTER DS,1,1,0.25,4,1,2020
POWELL GVN,1,1,0.111,113,1,2015
POWELL LA,1,1,0.1,9,1,2014
POWNEY GD,1,1,0.167,30,1,2018
PRABHU M,1,1,0.25,3,1,2020
PRANGE S,1,1,0.167,11,1,2018
PRAVEEN J,1,1,0.5,1,1,2022
PREATONI DG,1,1,0.333,3,2,2021
PREMEAUX AR,1,1,0.25,2,1,2020
PRESCOTT GW,1,1,0.111,50,1,2015
PRESCOTT T,1,1,0.2,29,1,2019
PRESTON DL,1,1,0.5,1,1,2022
PREUSS TS,1,1,0.2,2,1,2019
PREVEDELLO JA,1,1,0.167,22,1,2018
PRICE SJ,1,1,0.25,8,1,2020
PRINGLE CM,1,1,0.167,15,1,2018
PRINS MD,1,1,0.2,48,1,2019
PRIOL P,1,1,0.1,21,1,2014
PROUST N,1,1,0.5,3,1,2022
PROWSE TAA,1,1,0.111,2,1,2015
PRUNIER F,1,1,0.2,48,1,2019
PRYKE JS,1,1,0.25,7,1,2020
PUENTE-ROLON AR,1,1,0.143,5,1,2017
PURWANDANA D,1,1,0.091,28,1,2013
PYWELL RF,1,1,0.125,269,1,2016
QUALLS CP,1,1,0.143,2,1,2017
QUAN RC,1,1,0.25,6,1,2020
QUIGLEY H,1,1,0.167,32,1,2018
QUINONES-GUERRERO A,1,1,0.2,26,1,2019
RABELO RM,1,1,0.2,12,1,2019
RADVAN M,1,1,0.5,1,1,2022
RAHMAN HA,1,1,0.333,5,1,2021
RAINBOLT RE,1,1,0.071,99,1,2010
RAMIERE J,1,1,0.1,21,1,2014
RAMIREZ-CRUZ GA,1,2,0.2,6,2,2019
RAMIREZ-PARADA T,1,1,0.25,5,1,2020
RANDALL G,1,1,0.5,1,1,2022
RANSOM JI,1,1,0.25,9,1,2020
RAPACCIUOLO G,1,1,0.143,13,1,2017
RAPPAPORT DI,1,1,0.25,13,1,2020
RATHORE D,1,1,0.333,3,1,2021
RAVESI MJ,1,1,0.167,27,1,2018
RAWSON BM,1,1,0.25,1,1,2020
RAY JC,1,1,0.167,4,1,2018
READ DS,1,1,0.2,27,1,2019
READING RP,1,1,0.143,7,1,2017
REED ET,1,1,0.5,2,1,2022
REED SE,1,1,0.1,32,1,2014
REICH BJ,1,1,0.143,5,1,2017
REICHMAN A,1,1,0.25,1,1,2020
REID J,1,1,0.125,34,1,2016
REID SM,1,1,0.143,12,1,2017
REIDY JL,1,1,0.125,17,1,2016
REIGADA C,1,1,0.167,3,1,2018
REINAGA A,1,1,0.25,1,1,2020
REINERS TE,1,1,0.167,10,1,2018
REN Y,1,1,0.1,17,1,2014
RENDALL AR,1,2,0.25,10,2,2020
RENNER SC,1,1,0.083,5,1,2012
REPPUCCI J,1,1,0.071,134,1,2010
RESH VH,1,1,0.143,13,1,2017
RIBEIRO JW,1,1,0.167,23,1,2018
RIBEIRO MC,1,1,0.143,14,1,2017
RICE KG,1,1,0.083,7,1,2012
RICE RA,1,1,0.5,2,1,2022
RICH M,1,1,0.167,11,1,2018
RICHARDSON LL,1,1,0.25,19,1,2020
RICHARDSON TW,1,1,0.125,35,1,2016
RICHTER SC,1,1,0.25,8,1,2020
RIDGWAY MS,1,1,0.167,13,1,2018
RIEGEL JK,1,1,0.125,20,1,2016
RIFFELL SK,1,1,0.167,8,1,2018
RILEY JW,1,1,0.143,27,1,2017
RILEY SPD,1,1,0.333,4,1,2021
RINEHART KA,1,1,0.067,10,1,2009
RIVAS LF,1,1,0.111,6,1,2015
RIVERA-MILAN FF,1,1,0.2,1,1,2019
RIVERO J,1,1,0.25,13,1,2020
ROACH MC,1,1,0.5,2,1,2022
ROACH NS,1,1,0.111,17,1,2015
ROBERTS AJ,1,1,0.25,1,1,2020
ROBERTS LJ,1,1,0.111,14,1,2015
ROBIN VV,1,1,0.25,4,1,2020
ROBINO F,1,1,0.5,1,1,2022
ROBINSON D,1,1,0.111,30,1,2015
ROBINSON N,1,1,0.167,32,1,2018
ROBINSON NP,1,1,0.143,68,1,2017
ROBLEDANO F,1,1,0.2,7,1,2019
ROBLES RV,1,1,0.333,1,1,2021
ROCHESTER CJ,1,1,0.333,4,1,2021
ROCHFORD M,1,1,0.083,7,1,2012
RODE B,1,1,0.143,12,1,2017
RODEL MO,1,2,0.333,6,2,2021
RODEWALD AD,1,1,0.143,2,1,2017
RODRIGUES FHG,1,1,0.25,7,1,2020
RODRIGUES TF,1,1,0.167,22,1,2018
RODRIGUEZ RM,1,1,0.2,41,1,2019
ROHDE AT,1,1,0.25,19,1,2020
ROHRBAUGH RW,1,1,0.143,2,1,2017
ROHRER J,1,1,0.25,9,1,2020
ROJAS-MURCIA LE,1,1,0.111,50,1,2015
ROLAND CA,1,1,0.091,44,1,2013
ROMANO A,1,2,0.25,11,2,2020
ROODBAL M,1,1,0.5,3,1,2022
RORABAUGH J,1,2,0.143,21,2,2017
ROSA G,1,1,0.5,1,2,2022
ROSA R,1,1,0.2,7,1,2019
ROSALINO LM,1,1,0.5,1,1,2022
ROSE JP,1,1,0.5,1,1,2022
ROSENBERG KV,1,1,0.143,2,1,2017
ROSENBERGER AE,1,1,0.125,26,1,2016
ROSENLUND H,1,1,0.125,18,1,2016
ROSENSTOCK SS,1,1,0.091,8,1,2013
ROSKAFT E,1,1,0.25,8,1,2020
ROSS BE,1,1,0.125,17,1,2016
ROSSMAN S,1,1,0.125,34,1,2016
ROTH T,1,1,0.071,13,1,2010
ROWE DB,1,1,0.111,13,1,2015
ROWE JC,1,2,0.2,14,2,2019
ROWINSKI P,1,1,0.5,1,1,2022
ROY C,1,1,0.5,2,1,2022
ROY DB,1,1,0.125,269,1,2016
ROZYLOWICZ L,1,1,0.2,7,1,2019
RUHL PJ,1,1,0.125,20,1,2016
RUIZ J,1,1,0.167,13,1,2018
RUSH SA,1,2,0.167,8,2,2018
RUSSELL RE,1,1,0.125,35,1,2016
RUSTIGIAN-ROMSOS HL,1,1,0.111,13,1,2015
RUTHRAUFF DR,1,1,0.167,4,1,2018
RUTLEDGE BA,1,1,0.167,3,1,2018
RYAN GE,1,1,0.2,1,1,2019
RYDER TB,1,1,0.5,2,1,2022
RYKKEN J,1,1,0.25,19,1,2020
SAENZ-ESCOBAR MF,1,1,0.2,5,1,2019
SAFFORD HD,1,1,0.125,35,1,2016
SALANT NL,1,1,0.111,30,1,2015
SALGUERO AJ,1,1,0.333,6,1,2021
SALTZ D,1,1,0.25,1,1,2020
SALVATORI M,1,1,0.5,1,1,2022
SALVI D,1,1,0.167,53,1,2018
SAMELIUS G,1,1,0.333,4,1,2021
SAMWAYS MJ,1,1,0.25,7,1,2020
SAN ED,1,1,0.2,9,1,2019
SANCHEZ A,1,1,0.111,50,1,2015
SANCHEZ-GONZALEZ LA,1,1,0.333,1,1,2021
SANCHEZ-LONDONO JD,1,1,0.2,11,1,2019
SANDERCOCK BK,1,1,0.5,1,1,2022
SANDERLIN JS,1,1,0.125,16,1,2016
SAPKOTA NS,1,1,0.25,4,1,2020
SARACCO JF,1,1,0.077,41,1,2011
SARASOLA JH,1,1,0.5,1,1,2022
SASHIKA M,1,1,0.5,2,1,2022
SATTERFIELD LC,1,1,0.143,12,1,2017
SAUDER JD,1,1,0.1,6,1,2014
SAUER EL,1,1,0.5,1,1,2022
SAUNDERS SP,1,2,0.125,34,2,2016
SAVRE T,1,1,0.143,4,1,2017
SAWANT S,1,1,0.333,1,1,2021
SAWYER SC,1,1,0.167,19,1,2018
SAYER CD,1,1,0.2,27,1,2019
SAYLOR CF,1,1,0.111,13,1,2015
SBERZE M,1,1,0.091,11,1,2013
SCALI S,1,1,0.167,53,1,2018
SCARI G,1,1,0.167,53,1,2018
SCHARFF N,1,1,0.2,19,1,2019
SCHAUB M,1,2,0.167,7,2,2018
SCHAUB R,1,1,0.1,6,1,2014
SCHERL D,1,1,0.167,27,1,2018
SCHLESINGER MD,1,1,0.091,12,1,2013
SCHMID H,1,1,0.059,129,1,2007
SCHMUTZ JA,1,2,0.111,9,2,2015
SCHREIER BM,1,1,0.25,4,1,2020
SCHULTZ AD,1,1,0.333,2,1,2021
SCHUMAN MJ,1,1,0.1,11,1,2014
SCHUMANN DA,1,1,0.25,4,1,2020
SCHUT K,1,1,0.2,1,1,2019
SCHUTTLER E,1,1,0.125,18,1,2016
SCHUTTLER SG,1,2,0.2,39,2,2019
SCHWALBE CR,1,1,0.111,68,1,2015
SCHWALM D,1,1,0.167,6,1,2018
SCHWEITZER SH,1,1,0.111,10,1,2015
SCOGNAMILLO DG,1,1,0.143,35,1,2017
SCRETI A,1,1,0.2,7,1,2019
SCROGGIE MP,1,1,0.167,7,1,2018
SCULLY AE,1,1,0.167,19,1,2018
SEAMANS ME,1,1,0.059,146,1,2007
SEARLE CE,1,1,0.5,3,1,2022
SEE K,1,1,0.1,83,1,2014
SEESHOLTZ AM,1,1,0.25,4,1,2020
SEKERCIOGLU CH,1,1,0.5,1,1,2022
SELEBATSO M,1,1,0.5,3,1,2022
SELONEN V,1,1,0.143,15,1,2017
SENO A,1,1,0.091,28,1,2013
SENZAKI M,1,1,0.111,25,1,2015
SEOANE J,1,1,0.5,1,1,2022
SEPPI R,1,1,0.125,10,1,2016
SERAFIM R,1,1,0.2,7,1,2019
SERAFINI V,1,1,0.167,10,1,2018
SETTLAGE RE,1,1,0.167,4,1,2018
SETZ EZF,1,1,0.143,14,1,2017
SEYRING M,1,1,0.333,17,1,2021
SHAKYA AW,1,1,0.25,4,1,2020
SHAMON H,1,1,0.25,1,1,2020
SHARIEF A,1,1,0.5,1,1,2022
SHARMA K,1,1,0.333,4,1,2021
SHARMA LK,1,1,0.5,1,1,2022
SHEFFIELD CS,1,1,0.25,19,1,2020
SHELDON F,1,1,0.091,18,1,2013
SHEPHERD B,1,1,0.167,30,1,2018
SHERRILL KR,1,1,0.167,6,1,2018
SHERRY TW,1,1,0.111,13,1,2015
SHERUB S,1,1,0.5,2,1,2022
SHIMOZURU M,1,1,0.5,2,1,2022
SHINDERMAN M,1,1,0.167,6,1,2018
SHORTALL CR,1,1,0.2,29,1,2019
SHRESTHA S,1,1,0.25,4,1,2020
SHUTE PW,1,1,0.111,13,1,2015
SIBIYA M,1,1,0.333,9,1,2021
SIGNER J,1,1,0.25,15,1,2020
SIITONEN J,1,1,0.25,1,1,2020
SIKORA A,1,1,0.091,1,1,2013
SIKUI J,1,2,0.333,6,2,2021
SILVA TL,1,1,0.333,2,1,2021
SILVA-ROCHA I,1,1,0.167,53,1,2018
SILVEIRA L,1,1,0.083,64,1,2012
SIMAL F,1,1,0.2,1,1,2019
SIMONS TR,1,1,0.111,10,1,2015
SIMPSON SJ,1,1,0.111,36,1,2015
SINGH H,1,1,0.5,1,1,2022
SINGH I,1,1,0.5,1,1,2022
SINGH R,1,1,0.25,9,1,2020
SINK K,1,1,0.125,6,1,2016
SIQUEIRA T,1,1,0.167,23,1,2018
SKERRATT LF,1,1,0.111,4,1,2015
SLABBERT R,1,1,0.125,5,1,2016
SLAUSON KM,1,1,0.111,13,1,2015
SMIT-ROBINSON H,1,1,0.2,6,1,2019
SMITH AB,1,1,0.333,12,1,2021
SMITH BJ,1,1,0.2,12,1,2019
SMITH DAE,1,1,0.167,23,1,2018
SMITH GD,1,1,0.333,4,1,2021
SMITH L,1,1,0.25,4,1,2020
SMITH MM,1,1,0.25,10,1,2020
SMITH YE,1,1,0.167,23,1,2018
SNALL T,1,1,0.25,1,1,2020
SOH MCK,1,1,0.333,1,1,2021
SOLANO-ZAVALETA I,1,1,0.2,5,1,2019
SOLIMINI A,1,1,0.2,7,1,2019
SORENSEN JA,1,1,0.143,20,1,2017
SOUTHEE FM,1,1,0.167,4,1,2018
SPARKS RA,1,2,0.25,9,2,2020
SPARROW D,1,1,0.2,48,1,2019
SPENCER J,1,1,0.167,9,1,2018
SPENCER WD,1,1,0.111,13,1,2015
SPENGLER T,1,1,0.333,17,1,2021
SPEZIA L,1,1,0.1,5,1,2014
SQUIRES JR,1,1,0.143,5,1,2017
SQUIRES MA,1,1,0.2,12,1,2019
SREDL MJ,1,1,0.5,1,1,2022
SREEKAR R,1,1,0.25,6,1,2020
SRIVASTAVA DS,1,1,0.5,1,1,2022
SRIVATHSA A,1,1,0.143,20,1,2017
STABACH JA,1,1,0.25,13,1,2020
STAMATION KA,1,1,0.167,7,1,2018
STANTON RA,1,1,0.333,9,1,2021
STEER MA,1,1,0.111,2,1,2015
STEIDL RJ,1,1,0.2,17,1,2019
STEIN A,1,1,0.5,3,1,2022
STEIN J,1,1,0.125,18,1,2016
STEINMETZ R,1,1,0.25,9,1,2020
STETZ JB,1,1,0.083,10,1,2012
STEVENSON DJ,1,1,0.143,15,1,2017
STEWART DR,1,1,0.125,9,1,2016
STEWART-KOSTER B,1,1,0.091,18,1,2013
STILLMAN AN,1,1,0.167,19,1,2018
STINSON LT,1,1,0.143,8,1,2017
STODOLA KW,1,1,0.167,7,1,2018
STOJANOVIC D,1,1,0.2,1,1,2019
STONER DC,1,1,0.25,5,1,2020
STORCH I,1,1,0.333,5,1,2021
STRAMPELLI P,1,1,0.5,3,1,2022
STRANGE JP,1,1,0.25,19,1,2020
STREET GM,1,1,0.167,2,1,2018
STRINDBERG S,1,1,0.25,1,1,2020
STRUEBIG MJ,1,1,0.333,4,1,2021
STUART IG,1,1,0.167,7,1,2018
STUBER EF,1,1,0.5,2,1,2022
STUDDS CE,1,1,0.2,5,1,2019
SUBEDI N,1,1,0.5,2,1,2022
SUHLING F,1,1,0.333,17,1,2021
SULLIVAN PJ,1,1,0.1,21,1,2014
SUM P,1,1,0.2,1,1,2019
SUMMERS S,1,1,0.111,3,1,2015
SUN P,1,1,0.5,1,1,2022
SUN YF,1,1,0.333,7,1,2021
SUNARTO S,1,1,0.143,68,1,2017
SUNDAR KSG,1,1,0.083,17,1,2012
SUTCLIFF R,1,1,0.5,3,1,2022
SUTTON N,1,1,0.053,304,1,2005
SWALLOW B,1,1,0.125,11,1,2016
SWANEPOEL LH,1,2,0.333,12,2,2021
SWARTHOUT SB,1,1,0.143,2,1,2017
SWARTWOUT MC,1,1,0.143,3,1,2017
SWARTZ LK,1,1,0.333,5,1,2021
SWILLING WR,1,1,0.111,10,1,2015
SWORD GA,1,1,0.111,36,1,2015
SZEWCZAK JM,1,1,0.111,28,1,2015
SZEWCZYK TM,1,1,0.2,16,1,2019
TABLADO Z,1,1,0.167,27,1,2018
TACK JD,1,1,0.143,8,1,2017
TAKI H,1,1,0.167,14,1,2018
TAKTEHRANI A,1,1,0.143,68,1,2017
TALAMO A,1,1,0.111,41,1,2015
TALLAMY DW,1,1,0.143,73,1,2017
TANDIN T,1,1,0.333,11,1,2021
TANNER JE,1,1,0.111,2,1,2015
TARBILL GL,1,1,0.125,35,1,2016
TAYLOR SS,1,1,0.25,9,1,2020
TEETS KD,1,1,0.2,4,1,2019
TEGELER AK,1,1,0.2,6,1,2019
TEIXEIRA D,1,1,0.5,1,1,2022
TEJEDA V,1,1,0.25,13,1,2020
TEMPEL DJ,1,1,0.091,48,1,2013
TENHUMBERG B,1,1,0.048,539,1,2003
TERANDO AJ,1,1,0.143,5,1,2017
TETSUYA T,1,1,0.25,10,1,2020
TETZLAFF SJ,1,1,0.167,27,1,2018
TEWES ME,1,1,0.25,16,1,2020
THAKUR M,1,1,0.5,1,1,2022
THAPA GJ,1,2,0.25,4,2,2020
THAPA MK,1,1,0.25,4,1,2020
THILL RE,1,1,0.1,17,1,2014
THOMAS RF,1,1,0.167,9,1,2018
THOMAS SM,1,1,0.083,13,1,2012
THOMPSON C,1,1,0.167,11,1,2018
THOMPSON JJ,1,1,0.143,12,1,2017
THOMSON JR,1,1,0.111,30,1,2015
THORNTON DH,1,1,0.167,19,1,2018
THORNTON DJ,1,1,0.25,9,1,2020
THORSEN NH,1,1,0.333,6,1,2021
TIAN SY,1,1,0.5,1,1,2022
TIBBITTS TL,1,1,0.167,4,1,2018
TOMAS WM,1,1,0.167,22,1,2018
TOMLINSON KW,1,1,0.25,6,1,2020
TOMS MP,1,1,0.125,11,1,2016
TORRES NM,1,1,0.083,64,1,2012
TORRES RT,1,1,0.5,1,1,2022
TORRES-FLOREZ JP,1,1,0.167,13,1,2018
TOZER DC,1,1,0.125,15,1,2016
TRAN DV,1,1,0.25,1,1,2020
TRAVAINI A,1,1,0.5,1,1,2022
TREE A,1,1,0.1,5,1,2014
TRINDADE JPP,1,1,0.167,9,1,2018
TROCKUR B,1,1,0.333,17,1,2021
TRONSTAD LM,1,1,0.25,19,1,2020
TRUAN ML,1,1,0.111,10,1,2015
TRUDEAU C,1,1,0.1,21,1,2014
TSHIMOLOGO B,1,1,0.5,3,1,2022
TSUBOTA T,1,1,0.5,2,1,2022
TUCKER JM,1,1,0.143,68,1,2017
TULLOCH AIT,1,1,0.125,18,1,2016
TYRRELL PD,1,1,0.5,1,1,2022
TZANOPOULOS J,1,1,0.2,26,1,2019
TZILKOWSKI CJ,1,1,0.077,80,1,2011
UDELL BJ,1,1,0.143,18,1,2017
UMBANHOWAR J,1,1,0.25,9,1,2020
UMUNTUNUNDI P,1,1,0.5,1,1,2022
URBINA Y,1,1,0.167,32,1,2018
URIBE CAM,1,1,0.111,50,1,2015
URSO A,1,1,0.167,53,1,2018
UTRERAS V,1,1,0.25,1,1,2020
UZARSKI DG,1,1,0.25,4,1,2020
VALANKO S,1,1,0.111,10,1,2015
VALDES S,1,1,0.25,13,1,2020
VALENZUELA L,1,1,0.2,11,1,2019
VALLES H,1,1,0.067,10,1,2009
VAN DEN TOP GG,1,1,0.2,48,1,2019
VAN DER MEIJ T,1,1,0.111,11,1,2015
VAN GRUNSVEN RHA,1,1,0.2,48,1,2019
VAN SCHALKWYK J,1,1,0.25,7,1,2020
VAN SWAAY CAM,1,1,0.091,236,1,2013
VAN TN,1,1,0.25,1,1,2020
VANAPPELGHEM C,1,1,0.2,48,1,2019
VANAU G,1,1,0.2,7,1,2019
VANDER YACHT AL,1,1,0.125,21,1,2016
VANEK JP,1,1,0.2,2,1,2019
VARGAS CF,1,1,0.091,11,1,2013
VARGAS-CASTILLO A,1,1,0.333,1,1,2021
VASUDEVAN K,1,1,0.111,1,1,2015
VEILLEUX MAN,1,1,0.167,9,1,2018
VELHO N,1,1,0.25,6,1,2020
VENTICINQUE EM,1,1,0.167,12,1,2018
VERAN S,1,1,0.111,36,1,2015
VERBYLA DL,1,1,0.077,3,1,2011
VERCAUTEREN T,1,1,0.077,10,1,2011
VERGARA PM,1,1,0.333,2,1,2021
VERON G,1,1,0.333,5,1,2021
VERSFELD WF,1,1,0.125,5,1,2016
VERSIANI NF,1,1,0.167,22,1,2018
VIDDI FA,1,1,0.167,13,1,2018
VIERLING KT,1,1,0.111,28,1,2015
VIERLING LA,1,1,0.111,28,1,2015
VILELLA FJ,1,1,0.167,8,1,2018
VILLAGRAN AM,1,1,0.333,1,1,2021
VILLAR N,1,1,0.25,10,1,2020
VINDSTAD OPL,1,1,0.111,5,1,2015
VISCARRA M,1,1,0.25,1,1,2020
VISHNUDAS CK,1,1,0.25,4,1,2020
VITEKERE K,1,1,0.25,7,1,2020
VOGELER JC,1,1,0.2,1,1,2019
VOLPE JP,1,1,0.1,11,1,2014
VU TT,1,1,0.25,1,1,2020
VUCETICH JA,1,1,0.25,15,1,2020
VYNNE C,1,1,0.25,9,1,2020
WALK JW,1,1,0.167,7,1,2018
WALKER RS,1,1,0.111,6,1,2015
WALLACE R,1,1,0.25,1,1,2020
WALLACE ZP,1,1,0.143,5,1,2017
WALLISDEVRIES MF,1,1,0.2,48,1,2019
WALSH SJ,1,1,0.167,3,1,2018
WANG DJ,1,1,0.167,20,1,2018
WANG F,1,2,0.167,21,2,2018
WANG J,1,1,0.25,7,1,2020
WANG JX,1,1,0.5,1,1,2022
WANG L,1,1,0.5,1,1,2022
WANG X,1,1,0.111,11,1,2015
WANG ZY,1,1,0.5,1,1,2022
WANGDI S,1,1,0.333,11,1,2021
WANN GT,1,1,0.2,12,1,2019
WARD MP,1,1,0.167,7,1,2018
WARD TM,1,1,0.111,2,1,2015
WASEEM M,1,1,0.25,4,1,2020
WASSENS S,1,1,0.167,9,1,2018
WAUTERS LA,1,1,0.333,3,2,2021
WEARN OR,1,1,0.143,55,1,2017
WEBB EB,1,2,0.333,4,2,2021
WEBB MH,1,1,0.2,1,1,2019
WEBBER AF,1,1,0.091,31,1,2013
WEDDERBURN SD,1,1,0.167,6,1,2018
WEISE FJ,1,1,0.5,3,1,2022
WELLS HBM,1,1,0.25,13,1,2020
WELLS K,1,1,0.083,5,1,2012
WELLS M,1,1,0.167,9,1,2018
WEN QZ,1,1,0.5,1,1,2022
WENG Y,1,1,0.5,1,1,2022
WESOLOWSKI T,1,1,0.5,1,1,2022
WESTON MA,1,1,0.5,1,1,2022
WESTPHAL J,1,1,0.111,13,1,2015
WHEAT BR,1,1,0.167,8,1,2018
WHEATLEY M,1,1,0.1,17,1,2014
WHEELER K,1,1,0.167,3,1,2018
WHITE D,1,1,0.1,17,1,2014
WHITE GC,1,1,0.083,57,1,2012
WHITEHEAD AL,1,1,0.1,26,1,2014
WHITESELL C,1,1,0.5,3,1,2022
WHITMAN M,1,1,0.125,26,1,2016
WHITTINGTON-JONES G,1,1,0.333,6,1,2021
WIDODO FA,1,1,0.143,68,1,2017
WIGLEY TB,1,1,0.1,17,1,2014
WIKLE CK,1,1,0.125,24,1,2016
WILEY DN,1,1,0.333,2,1,2021
WILKE AL,1,1,0.111,10,1,2015
WILLIAMS DM,1,1,0.333,3,2,2021
WILLIAMS KS,1,1,0.333,6,1,2021
WILLIAMS LA,1,1,0.25,3,1,2020
WILLIAMS PJ,1,1,0.143,24,1,2017
WILLIAMS R,1,1,0.167,13,1,2018
WILLIAMS SG,1,1,0.167,1,1,2018
WILLIAMS ST,1,1,0.333,6,1,2021
WILLIGALLA C,1,1,0.333,17,1,2021
WILSON HB,1,1,0.2,5,1,2019
WILSON S,1,1,0.5,1,1,2022
WILSON TL,1,1,0.167,4,1,2018
WINGARD G,1,1,0.143,7,1,2017
WINNE CT,1,1,0.091,22,1,2013
WINTERBACH C,1,1,0.5,3,1,2022
WINTERHOLLER M,1,1,0.2,48,1,2019
WIPFLI MS,1,2,0.125,26,2,2016
WOLSKA A,1,1,0.5,1,1,2022
WOMACK-BULLINER KM,1,1,0.167,1,1,2018
WOMBLE JN,1,1,0.143,24,1,2017
WONG WM,1,1,0.333,4,1,2021
WOOD CM,1,1,0.25,9,1,2020
WOOD EM,1,1,0.143,2,1,2017
WOOD PB,1,1,0.2,6,1,2019
WOODCOCK BA,1,1,0.125,269,1,2016
WOODFORD LP,1,1,0.2,14,1,2019
WOODGATE Z,1,1,0.333,1,1,2021
WRIGHT AD,1,2,0.333,6,2,2021
WRONSKI T,1,1,0.5,1,1,2022
WU CY,1,1,0.5,1,1,2022
WULTSCH C,1,1,0.143,68,1,2017
XIAO YQ,1,1,0.333,7,1,2021
XOFIS P,1,1,0.2,26,1,2019
XU CCY,1,1,0.5,1,1,2022
YABUHARA Y,1,1,0.111,25,1,2015
YACKULIC CB,1,2,0.125,34,2,2016
YAGUI H,1,1,0.25,13,1,2020
YAMANE Y,1,1,0.5,1,1,2022
YANG CY,1,1,0.5,1,1,2022
YANG ZX,1,1,0.5,1,1,2022
YIRKA LM,1,1,0.167,1,1,2018
YU DW,1,1,0.5,1,1,2022
ZACCAGNINI ME,1,1,0.111,26,1,2015
ZAMAN M,1,1,0.25,7,1,2020
ZAMBRANO AA,1,1,0.25,10,1,2020
ZAPATA-RIOS G,1,1,0.25,1,1,2020
ZAPPALLA A,1,1,0.143,5,1,2017
ZAW T,1,1,0.333,3,2,2021
ZEILINGER AR,1,1,0.143,13,1,2017
ZELLER KA,1,1,0.167,32,1,2018
ZHANG DD,1,1,0.333,7,1,2021
ZHANG ZJ,1,1,0.5,1,1,2022
ZHAO QQ,1,1,0.5,1,1,2022
ZHOU WJ,1,1,0.2,5,1,2019
ZHU MY,1,1,0.25,7,1,2020
ZIELINSKI WJ,1,1,0.111,13,1,2015
ZIMMERMAN CE,1,1,0.125,26,1,2016
ZIMMERMANN F,1,1,0.1,20,1,2014
ZMIHORSKI M,1,1,0.167,15,1,2018
ZOBELL VM,1,1,0.143,1,1,2017
ZOLLNER PA,1,1,0.143,8,1,2017
ZUANON J,1,1,0.167,18,1,2018
ZUCKERBERG B,1,2,0.077,88,2,2011
ZULIAN V,1,1,0.333,10,1,2021
ZUNIGA-VEGA JJ,1,1,0.2,5,1,2019
,,,,,1,
