"Document","DOI","Year","Local Citations","Global Citations","LC/GC Ratio (%)","Normalized Local Citations","Normalized Global Citations"
"MACKENZIE DI, 2003, ECOLOGY","10.1890/02-3090","2003","127","1197","10.61","2.22","1.94"
"ZIPKIN EF, 2009, J APPL ECOL","10.1111/j.1365-2664.2009.01664.x","2009","95","248","38.31","3.96","2.56"
"ROYLE JA, 2007, ECOLOGY","10.1890/06-0669.1","2007","49","320","15.31","3.34","2.81"
"TYRE AJ, 2003, ECOL APPL","10.1890/02-5078","2003","45","545","8.26","0.78","0.88"
"MACKENZIE DI, 2004, J ANIM ECOL","10.1111/j.0021-8790.2004.00828.x","2004","43","312","13.78","1.00","1.00"
"ROTA CT, 2009, J APPL ECOL","10.1111/j.1365-2664.2009.01734.x","2009","43","197","21.83","1.79","2.03"
"NICHOLS JD, 2008, J APPL ECOL","10.1111/j.1365-2664.2008.01509.x","2008","42","270","15.56","1.87","1.74"
"DAIL D, 2011, BIOMETRICS","10.1111/j.1541-0420.2010.01465.x","2011","38","269","14.13","5.21","3.99"
"RICH LN, 2016, J APPL ECOL","10.1111/1365-2664.12650","2016","29","102","28.43","11.38","3.66"
"TOBLER MW, 2015, J APPL ECOL","10.1111/1365-2664.12399","2015","26","121","21.49","12.55","4.23"
"MACKENZIE DI, 2005, ECOLOGY","10.1890/04-1060","2005","24","309","7.77","2.40","1.61"
"ZIPKIN EF, 2012, ECOL APPL","10.1890/11-1936.1","2012","24","92","26.09","4.15","2.43"
"ROTA CT, 2016, METHODS ECOL EVOL","10.1111/2041-210X.12587","2016","24","126","19.05","9.42","4.53"
"NICHOLS JD, 2007, ECOLOGY","10.1890/06-1474","2007","21","149","14.09","1.43","1.31"
"BURTON AC, 2012, PLOS ONE","10.1371/journal.pone.0038007","2012","20","106","18.87","3.45","2.80"
"CHANDLER RB, 2011, ECOLOGY","10.1890/10-2433.1","2011","19","161","11.80","2.60","2.39"
"PAVLACKY DC, 2012, J WILDLIFE MANAGE","10.1002/jwmg.245","2012","18","58","31.03","3.11","1.53"
"MORDECAI RS, 2011, J APPL ECOL","10.1111/j.1365-2664.2010.01921.x","2011","17","85","20.00","2.33","1.26"
"RICH LN, 2017, GLOBAL ECOL BIOGEOGR","10.1111/geb.12600","2017","16","85","18.82","12.90","4.95"
"ROYLE JA, 2007, ECOL MONOGR","10.1890/06-0912.1","2007","15","135","11.11","1.02","1.18"
"VAN STRIEN AJ, 2013, J APPL ECOL","10.1111/1365-2664.12158","2013","14","261","5.36","5.42","6.79"
"AHUMADA JA, 2013, PLOS ONE","10.1371/journal.pone.0073707","2013","14","122","11.48","5.42","3.18"
"FICETOLA GF, 2018, SCI REP-UK","10.1038/s41598-018-28432-8","2018","13","62","20.97","8.96","3.93"
"VAN DER WEYDE LK, 2018, BIOL CONSERV","10.1016/j.biocon.2018.01.033","2018","12","32","37.50","8.27","2.03"
"SAUER JR, 2002, ECOLOGY","10.2307/3071992","2002","11","88","12.50","2.00","0.06"
"ZIPKIN EF, 2014, ECOLOGY","10.1890/13-1131.1","2014","11","85","12.94","4.48","3.45"
"SOLLMANN R, 2012, MAMM BIOL","10.1016/j.mambio.2011.06.011","2012","10","68","14.71","1.73","1.80"
"FURNAS BJ, 2015, J WILDLIFE MANAGE","10.1002/jwmg.821","2015","10","82","12.20","4.83","2.87"
"ROTA CT, 2011, ECOGRAPHY","10.1111/j.1600-0587.2010.06433.x","2011","9","80","11.25","1.23","1.19"
"YAMAURA Y, 2011, J APPL ECOL","10.1111/j.1365-2664.2010.01922.x","2011","9","59","15.25","1.23","0.87"
"GOIJMAN AP, 2015, PLOS ONE","10.1371/journal.pone.0130874","2015","9","28","32.14","4.34","0.98"
"LESMEISTER DB, 2015, WILDLIFE MONOGR","10.1002/wmon.1015","2015","9","142","6.34","4.34","4.96"
"SCHMIDT JH, 2013, BIOL CONSERV","10.1016/j.biocon.2013.01.007","2013","8","50","16.00","3.10","1.30"
"AMUNDSON CL, 2014, AUK","10.1642/AUK-14-11.1","2014","8","77","10.39","3.26","3.13"
"VAN STRIEN AJ, 2010, BASIC APPL ECOL","10.1016/j.baae.2010.05.003","2010","7","56","12.50","3.73","1.15"
"PILLAY R, 2011, BIOL CONSERV","10.1016/j.biocon.2011.01.026","2011","7","47","14.89","0.96","0.70"
"PRIOL P, 2014, ECOL EVOL","10.1002/ece3.1086","2014","7","21","33.33","2.85","0.85"
"WEARN OR, 2017, BIOL CONSERV","10.1016/j.biocon.2017.05.007","2017","7","59","11.86","5.64","3.43"
"PETRACCA LS, 2018, J APPL ECOL","10.1111/1365-2664.12972","2018","7","35","20.00","4.82","2.22"
"PELLET J, 2005, BIOL CONSERV","10.1016/j.biocon.2004.10.005","2005","6","164","3.66","0.60","0.86"
"BLED F, 2011, ECOL APPL","10.1890/09-1877.1","2011","6","81","7.41","0.82","1.20"
"LYONS JE, 2012, AUK","10.1525/auk.2012.11253","2012","6","13","46.15","1.04","0.34"
"SILLETT TS, 2012, ECOL APPL","10.1890/11-1400.1","2012","6","92","6.52","1.04","2.43"
"OTTO CRV, 2013, ECOGRAPHY","10.1111/j.1600-0587.2013.00137.x","2013","6","28","21.43","2.33","0.73"
"HINES JE, 2014, METHODS ECOL EVOL","10.1111/2041-210X.12186","2014","6","24","25.00","2.44","0.97"
"MCCAFFERY R, 2016, J WILDLIFE MANAGE","10.1002/jwmg.21094","2016","6","23","26.09","2.36","0.83"
"GOMEZ JP, 2018, METHODS ECOL EVOL","10.1111/2041-210X.12856","2018","6","24","25.00","4.13","1.52"
"ROWE JC, 2019, ECOSPHERE","10.1002/ecs2.2674","2019","6","15","40.00","5.39","0.82"
"OBEROSLER V, 2020, ANIM CONSERV","10.1111/acv.12525","2020","6","19","31.58","8.03","1.38"
"SARACCO JF, 2011, ECOSPHERE","10.1890/ES10-00132.1","2011","5","45","11.11","0.69","0.67"
"GOPALASWAMY AM, 2012, ANIM CONSERV","10.1111/j.1469-1795.2012.00565.x","2012","5","40","12.50","0.86","1.06"
"BLED F, 2013, ECOL EVOL","10.1002/ece3.858","2013","5","45","11.11","1.94","1.17"
"CARRILLO-RUBIO E, 2014, CONSERV BIOL","10.1111/cobi.12261","2014","5","23","21.74","2.04","0.93"
"GOAD EH, 2014, BIOL CONSERV","10.1016/j.biocon.2014.05.016","2014","5","35","14.29","2.04","1.42"
"CHANDLER RB, 2015, J APPL ECOL","10.1111/1365-2664.12481","2015","5","73","6.85","2.41","2.55"
"BELANT JL, 2016, SCI REP-UK","10.1038/srep35920","2016","5","22","22.73","1.96","0.79"
"MCGRANN MC, 2016, ECOSPHERE","10.1002/ecs2.1419","2016","5","14","35.71","1.96","0.50"
"ROTA CT, 2016, ECOLOGY","10.1890/15-1193.1","2016","5","27","18.52","1.96","0.97"
"GOMEZ MD, 2018, AUSTRAL ECOL","10.1111/aec.12625","2018","5","11","45.45","3.44","0.70"
"OUTHWAITE CL, 2018, ECOL INDIC","10.1016/j.ecolind.2018.05.010","2018","5","37","13.51","3.44","2.35"
"DROUILLY M, 2018, BIOL CONSERV","10.1016/j.biocon.2018.05.013","2018","5","33","15.15","3.44","2.09"
"FURNAS BJ, 2018, CONDOR","10.1650/CONDOR-17-165.1","2018","5","21","23.81","3.44","1.33"
"PARSONS AW, 2019, J APPL ECOL","10.1111/1365-2664.13385","2019","5","51","9.80","4.49","2.80"
"FARR MT, 2019, ECOL APPL","10.1002/eap.1845","2019","5","28","17.86","4.49","1.54"
"DUGGER KM, 2011, ECOL APPL","10.1890/10-2142.1","2011","4","71","5.63","0.55","1.05"
"BURTON AC, 2011, BIOL CONSERV","10.1016/j.biocon.2011.06.014","2011","4","37","10.81","0.55","0.55"
"ZUCKERBERG B, 2011, J ANIM ECOL","10.1111/j.1365-2656.2010.01780.x","2011","4","98","4.08","0.55","1.45"
"LINDEN DW, 2012, FOREST ECOL MANAG","10.1016/j.foreco.2012.08.002","2012","4","24","16.67","0.69","0.63"
"MILLER DAW, 2012, J ANIM ECOL","10.1111/j.1365-2656.2012.02001.x","2012","4","73","5.48","0.69","1.93"
"HUNT JW, 2012, AUK","10.1525/auk.2012.11093","2012","4","24","16.67","0.69","0.63"
"GIOVANINI J, 2013, PLOS ONE","10.1371/journal.pone.0059900","2013","4","13","30.77","1.55","0.34"
"SEMLITSCH RD, 2014, CAN J ZOOL","10.1139/cjz-2014-0141","2014","4","66","6.06","1.63","2.68"
"DELUCA WV, 2014, J WILDLIFE MANAGE","10.1002/jwmg.675","2014","4","14","28.57","1.63","0.57"
"PILLAY R, 2014, DIVERS DISTRIB","10.1111/ddi.12151","2014","4","33","12.12","1.63","1.34"
"MARTÍNEZ-MARTÍ C, 2016, SCI REP-UK","10.1038/srep33838","2016","4","16","25.00","1.57","0.57"
"LATIF QS, 2016, ECOSPHERE","10.1002/ecs2.1346","2016","4","16","25.00","1.57","0.57"
"FURNAS BJ, 2017, ECOSPHERE","10.1002/ecs2.1747","2017","4","23","17.39","3.22","1.34"
"LADLE A, 2018, PLOS ONE","10.1371/journal.pone.0191730","2018","4","36","11.11","2.76","2.28"
"STOLEN ED, 2019, ECOSPHERE","10.1002/ecs2.2893","2019","4","9","44.44","3.59","0.49"
"EVANS BE, 2019, PLOS ONE","10.1371/journal.pone.0217543","2019","4","19","21.05","3.59","1.04"
"STEVENS BS, 2019, ECOSPHERE","10.1002/ecs2.2748","2019","4","22","18.18","3.59","1.21"
"CAVADA N, 2019, PLOS ONE","10.1371/journal.pone.0215682","2019","4","27","14.81","3.59","1.48"
"EASTER T, 2019, BIOL CONSERV","10.1016/j.biocon.2019.02.007","2019","4","10","40.00","3.59","0.55"
"BÖTSCH Y, 2020, IBIS","10.1111/ibi.12802","2020","4","9","44.44","5.35","0.65"
"MANENTI R, 2020, ECOGRAPHY","10.1111/ecog.04571","2020","4","16","25.00","5.35","1.16"
"PELLET J, 2008, J INSECT CONSERV","10.1007/s10841-007-9075-8","2008","3","40","7.50","0.13","0.26"
"GRANT EHC, 2009, FRESHWATER BIOL","10.1111/j.1365-2427.2009.02166.x","2009","3","39","7.69","0.13","0.40"
"GARDNER B, 2009, ECOLOGY","10.1890/07-2112.1","2009","3","76","3.95","0.13","0.78"
"KROLL AJ, 2010, J WILDLIFE MANAGE","10.2193/2009-429","2010","3","28","10.71","1.60","0.58"
"GARDNER B, 2010, J WILDLIFE MANAGE","10.2193/2009-101","2010","3","105","2.86","1.60","2.16"
"LINDEN DW, 2013, FOREST ECOL MANAG","10.1016/j.foreco.2013.08.059","2013","3","23","13.04","1.16","0.60"
"BRODIE JF, 2013, BIOL CONSERV","10.1016/j.biocon.2013.01.003","2013","3","33","9.09","1.16","0.86"
"GÁLVEZ N, 2013, ORYX","10.1017/S0030605312000099","2013","3","44","6.82","1.16","1.15"
"WADDLE JH, 2013, RESTOR ECOL","10.1111/j.1526-100X.2012.00881.x","2013","3","11","27.27","1.16","0.29"
"FARRIS ZJ, 2014, INT J PRIMATOL","10.1007/s10764-014-9786-0","2014","3","36","8.33","1.22","1.46"
"FISHER JT, 2014, CONSERV BIOL","10.1111/cobi.12302","2014","3","20","15.00","1.22","0.81"
"WALLS SC, 2014, WETLANDS","10.1007/s13157-013-0498-6","2014","3","12","25.00","1.22","0.49"
"RODHOUSE TJ, 2015, DIVERS DISTRIB","10.1111/ddi.12372","2015","3","28","10.71","1.45","0.98"
"NÚÑEZ-REGUEIRO MM, 2015, BIOL CONSERV","10.1016/j.biocon.2015.04.001","2015","3","44","6.82","1.45","1.54"
"BRODIE JF, 2015, CONSERV BIOL","10.1111/cobi.12337","2015","3","104","2.88","1.45","3.63"
"LITUMA CM, 2016, CONDOR","10.1650/CONDOR-16-73.1","2016","3","13","23.08","1.18","0.47"
"LYET A, 2016, AFR J WILDL RES","10.3957/056.046.0071","2016","3","5","60.00","1.18","0.18"
"TINGLEY MW, 2016, METHODS ECOL EVOL","10.1111/2041-210X.12500","2016","3","30","10.00","1.18","1.08"
"LOMBARDI JV, 2017, URBAN ECOSYST","10.1007/s11252-017-0676-z","2017","3","40","7.50","2.42","2.33"
"PEACH MA, 2017, J APPL ECOL","10.1111/1365-2664.12925","2017","3","12","25.00","2.42","0.70"
"CUSACK JJ, 2017, OIKOS","10.1111/oik.03403","2017","3","46","6.52","2.42","2.68"
"HOSSACK BR, 2017, BIOL CONSERV","10.1016/j.biocon.2017.03.004","2017","3","21","14.29","2.42","1.22"
"DAVIS CL, 2017, ECOL APPL","10.1002/eap.1442","2017","3","30","10.00","2.42","1.75"
"FERREGUETTI AC, 2018, BIOL CONSERV","10.1016/j.biocon.2018.09.009","2018","3","26","11.54","2.07","1.65"
"SCULLY AE, 2018, J MAMMAL","10.1093/jmammal/gyy053","2018","3","22","13.64","2.07","1.40"
"BENOIT D, 2018, ECOL EVOL","10.1002/ece3.4023","2018","3","14","21.43","2.07","0.89"
"DECHNER A, 2018, PLOS ONE","10.1371/journal.pone.0195311","2018","3","9","33.33","2.07","0.57"
"JANOUSEK WM, 2019, FOREST ECOL MANAG","10.1016/j.foreco.2019.04.047","2019","3","12","25.00","2.69","0.66"
"SERAFINI VN, 2019, LANDSCAPE ECOL","10.1007/s10980-019-00825-8","2019","3","17","17.65","2.69","0.93"
"BORON V, 2019, BIOL CONSERV","10.1016/j.biocon.2019.01.030","2019","3","35","8.57","2.69","1.92"
"COSTA A, 2019, J WILDLIFE MANAGE","10.1002/jwmg.21621","2019","3","13","23.08","2.69","0.71"
"KASS JM, 2020, BIOL INVASIONS","10.1007/s10530-020-02254-0","2020","3","13","23.08","4.02","0.94"
"COSTA A, 2020, BIODIVERS CONSERV","10.1007/s10531-020-02006-5","2020","3","12","25.00","4.02","0.87"
"OBEROSLER V, 2020, ECOL EVOL","10.1002/ece3.6048","2020","3","13","23.08","4.02","0.94"
"MOORE JF, 2020, ANIM CONSERV","10.1111/acv.12569","2020","3","28","10.71","4.02","2.03"
"PETRACCA LS, 2020, ANIM CONSERV","10.1111/acv.12555","2020","3","14","21.43","4.02","1.02"
"MOLL RJ, 2020, ECOGRAPHY","10.1111/ecog.04762","2020","3","25","12.00","4.02","1.81"
"MEYER NFV, 2020, CONSERV BIOL","10.1111/cobi.13384","2020","3","13","23.08","4.02","0.94"
"CRUICKSHANK SS, 2021, ECOL APPL","10.1002/eap.2357","2021","3","5","60.00","6.16","0.69"
"KOLOWSKI JM, 2021, ECOSPHERE","10.1002/ecs2.3350","2021","3","22","13.64","6.16","3.05"
"LUISELLI L, 2006, J TROP ECOL","10.1017/S0266467406003397","2006","2","44","4.55","3.00","0.62"
"THOGMARTIN WE, 2007, LANDSCAPE ECOL","10.1007/s10980-006-9005-2","2007","2","56","3.57","0.14","0.49"
"KROLL AJ, 2012, J WILDLIFE MANAGE","10.1002/jwmg.353","2012","2","14","14.29","0.35","0.37"
"GOVINDAN BN, 2012, OIKOS","10.1111/j.1600-0706.2011.19747.x","2012","2","21","9.52","0.35","0.55"
"D'SOUZA E, 2013, PLOS ONE","10.1371/journal.pone.0076181","2013","2","22","9.09","0.78","0.57"
"GREEN AW, 2013, J APPL ECOL","10.1111/1365-2664.12121","2013","2","31","6.45","0.78","0.81"
"TEMPEL DJ, 2013, CONSERV BIOL","10.1111/cobi.12074","2013","2","50","4.00","0.78","1.30"
"SAUER JR, 2013, J WILDLIFE MANAGE","10.1002/jwmg.442","2013","2","15","13.33","0.78","0.39"
"SUTHERLAND C, 2013, WILDLIFE RES","10.1071/WR12166","2013","2","17","11.76","0.78","0.44"
"HOMYACK JA, 2014, FOREST ECOL MANAG","10.1016/j.foreco.2014.08.035","2014","2","11","18.18","0.81","0.45"
"FISHER JT, 2014, J WILDLIFE MANAGE","10.1002/jwmg.750","2014","2","27","7.41","0.81","1.10"
"BISCHOF R, 2014, J ZOOL","10.1111/jzo.12100","2014","2","70","2.86","0.81","2.84"
"MIDLANE N, 2014, BIOL CONSERV","10.1016/j.biocon.2014.02.006","2014","2","22","9.09","0.81","0.89"
"KIRSCH JE, 2014, T AM FISH SOC","10.1080/00028487.2014.935478","2014","2","18","11.11","0.81","0.73"
"ROACH NS, 2015, WETLANDS","10.1007/s13157-015-0695-6","2015","2","20","10.00","0.97","0.70"
"GLISSON WJ, 2015, J WILDLIFE MANAGE","10.1002/jwmg.937","2015","2","17","11.76","0.97","0.59"
"SHEA CP, 2015, RIVER RES APPL","10.1002/rra.2766","2015","2","14","14.29","0.97","0.49"
"FISHER JT, 2016, PLOS ONE","10.1371/journal.pone.0161055","2016","2","9","22.22","0.79","0.32"
"MILLER RA, 2016, AVIAN CONSERV ECOL","10.5751/ACE-00819-110103","2016","2","8","25.00","0.79","0.29"
"IRIZARRY JI, 2016, DIVERS DISTRIB","10.1111/ddi.12415","2016","2","12","16.67","0.79","0.43"
"REIDY JL, 2016, LANDSCAPE ECOL","10.1007/s10980-015-0250-0","2016","2","17","11.76","0.79","0.61"
"RAMESH T, 2016, FOREST ECOL MANAG","10.1016/j.foreco.2015.10.005","2016","2","21","9.52","0.79","0.75"
"POPESCU VD, 2017, ECOL EVOL","10.1002/ece3.3177","2017","2","14","14.29","1.61","0.81"
"HILL JM, 2017, ECOSPHERE","10.1002/ecs2.1921","2017","2","8","25.00","1.61","0.47"
"PANTHI S, 2017, PLOS ONE","10.1371/journal.pone.0180978","2017","2","24","8.33","1.61","1.40"
"LEÓN-ORTEGA M, 2017, PLOS ONE","10.1371/journal.pone.0175597","2017","2","17","11.76","1.61","0.99"
"SATTERFIELD LC, 2017, AFR J WILDL RES","10.3957/056.047.0032","2017","2","13","15.38","1.61","0.76"
"DREITZ VJ, 2017, PEERJ","10.7717/peerj.2879","2017","2","8","25.00","1.61","0.47"
"MOLLENHAUER R, 2017, N AM J FISH MANAGE","10.1080/02755947.2016.1254127","2017","2","13","15.38","1.61","0.76"
"LI XY, 2018, DIVERS DISTRIB","10.1111/ddi.12792","2018","2","18","11.11","1.38","1.14"
"RIBEIRO JW, 2018, ECOL APPL","10.1002/eap.1741","2018","2","25","8.00","1.38","1.59"
"LOUVRIER J, 2018, ECOGRAPHY","10.1111/ecog.02874","2018","2","30","6.67","1.38","1.90"
"CECALA KK, 2018, ECOSPHERE","10.1002/ecs2.2150","2018","2","15","13.33","1.38","0.95"
"WANG F, 2018, DIVERS DISTRIB","10.1111/ddi.12692","2018","2","25","8.00","1.38","1.59"
"MARINHO PH, 2018, MAMMAL RES","10.1007/s13364-017-0330-4","2018","2","15","13.33","1.38","0.95"
"MOORE JF, 2019, ANIM CONSERV","10.1111/acv.12491","2019","2","4","50.00","1.80","0.22"
"RICH LN, 2019, DIVERS DISTRIB","10.1111/ddi.12952","2019","2","12","16.67","1.80","0.66"
"KIDWAI Z, 2019, GLOB ECOL CONSERV","10.1016/j.gecco.2019.e00687","2019","2","22","9.09","1.80","1.21"
"MAZZOTTI FJ, 2019, ECOL INDIC","10.1016/j.ecolind.2019.03.002","2019","2","13","15.38","1.80","0.71"
"MONROE AP, 2019, ECOSPHERE","10.1002/ecs2.2791","2019","2","15","13.33","1.80","0.82"
"RABELO RM, 2019, ACTA OECOL","10.1016/j.actao.2019.04.004","2019","2","15","13.33","1.80","0.82"
"COLE JS, 2019, ECOSPHERE","10.1002/ecs2.2718","2019","2","12","16.67","1.80","0.66"
"STEENWEG R, 2019, ECOSPHERE","10.1002/ecs2.2639","2019","2","15","13.33","1.80","0.82"
"MAPHISA DH, 2019, PEERJ","10.7717/peerj.6276","2019","2","10","20.00","1.80","0.55"
"LI ZL, 2019, LANDSCAPE ECOL","10.1007/s10980-018-0759-0","2019","2","25","8.00","1.80","1.37"
"JIMÉNEZ-FRANCO MV, 2019, ECOL EVOL","10.1002/ece3.4829","2019","2","9","22.22","1.80","0.49"
"DOBBINS M, 2020, J APPL ECOL","10.1111/1365-2664.13750","2020","2","13","15.38","2.68","0.94"
"MONTERROSO P, 2020, ECOLOGY","10.1002/ecy.3059","2020","2","51","3.92","2.68","3.70"
"MADSEN EK, 2020, ORYX","10.1017/S0030605318000297","2020","2","7","28.57","2.68","0.51"
"LOMBARDI JV, 2020, ECOL EVOL","10.1002/ece3.6242","2020","2","19","10.53","2.68","1.38"
"FOGARTY FA, 2021, ECOL INDIC","10.1016/j.ecolind.2021.108170","2021","2","6","33.33","4.11","0.83"
"HAMER AJ, 2021, ECOL APPL","10.1002/eap.2293","2021","2","6","33.33","4.11","0.83"
"PENJOR U, 2021, ECOL INDIC","10.1016/j.ecolind.2020.107085","2021","2","15","13.33","4.11","2.08"
"FENG JW, 2021, DIVERS DISTRIB","10.1111/ddi.13237","2021","2","13","15.38","4.11","1.80"
"ASAD S, 2021, FOREST ECOL MANAG","10.1016/j.foreco.2021.118949","2021","2","6","33.33","4.11","0.83"
"RAHMAN HA, 2021, GLOB ECOL CONSERV","10.1016/j.gecco.2020.e01385","2021","2","5","40.00","4.11","0.69"
"FIDINO M, 2021, ECOL APPL","10.1002/eap.2253","2021","2","44","4.55","4.11","6.09"
"LONGORIA MP, 2007, J WILDLIFE MANAGE","10.2193/2005-613","2007","1","9","11.11","0.07","0.08"
"GARDNER B, 2010, ECOLOGY","10.1890/09-0804.1","2010","1","140","0.71","0.53","2.88"
"PETERS VE, 2010, J ANIM ECOL","10.1111/j.1365-2656.2010.01699.x","2010","1","27","3.70","0.53","0.56"
"GIBSON LA, 2011, DIVERS DISTRIB","10.1111/j.1472-4642.2011.00766.x","2011","1","13","7.69","0.14","0.19"
"PEOPLES BK, 2011, T AM FISH SOC","10.1080/00028487.2010.550237","2011","1","27","3.70","0.14","0.40"
"CAYUELA H, 2012, FRESHWATER BIOL","10.1111/fwb.12034","2012","1","36","2.78","0.17","0.95"
"FUJISAKI I, 2012, ECOL INDIC","10.1016/j.ecolind.2012.05.011","2012","1","8","12.50","0.17","0.21"
"IGLECIA MN, 2012, AVIAN CONSERV ECOL","10.5751/ACE-00551-070205","2012","1","15","6.67","0.17","0.40"
"WELLS K, 2012, ANIM CONSERV","10.1111/j.1469-1795.2012.00560.x","2012","1","5","20.00","0.17","0.13"
"LATIF QS, 2012, WILDLIFE SOC B","10.1002/wsb.97","2012","1","2","50.00","0.17","0.05"
"KALIES EL, 2013, J WILDLIFE MANAGE","10.1002/jwmg.577","2013","1","8","12.50","0.39","0.21"
"CERQUEIRA MC, 2013, DIVERS DISTRIB","10.1111/ddi.12033","2013","1","13","7.69","0.39","0.34"
"HENDEN JA, 2013, PLOS ONE","10.1371/journal.pone.0063312","2013","1","15","6.67","0.39","0.39"
"CLARK DA, 2013, J WILDLIFE MANAGE","10.1002/jwmg.523","2013","1","39","2.56","0.39","1.02"
"ROLAND CA, 2013, ECOL MONOGR","10.1890/11-2136.1","2013","1","46","2.17","0.39","1.20"
"CHEN GK, 2013, J ECOL","10.1111/1365-2745.12021","2013","1","108","0.93","0.39","2.81"
"MORTELLITI A, 2013, BIODIVERS CONSERV","10.1007/s10531-012-0412-1","2013","1","12","8.33","0.39","0.31"
"STOLEN ED, 2014, J FISH WILDL MANAG","10.3996/032014-JFWM-025","2014","1","6","16.67","0.41","0.24"
"WALLS SC, 2014, WETL ECOL MANAG","10.1007/s11273-014-9356-4","2014","1","12","8.33","0.41","0.49"
"FALCY MR, 2014, BIOL CONSERV","10.1016/j.biocon.2014.07.010","2014","1","3","33.33","0.41","0.12"
"ALEXANDER BW, 2014, WATERBIRDS","10.1675/063.037.0306","2014","1","10","10.00","0.41","0.41"
"KROLL AJ, 2014, FOREST ECOL MANAG","10.1016/j.foreco.2014.04.011","2014","1","17","5.88","0.41","0.69"
"HILL JM, 2014, CONSERV BIOL","10.1111/cobi.12210","2014","1","9","11.11","0.41","0.37"
"LEE MB, 2014, FOREST ECOL MANAG","10.1016/j.foreco.2014.03.017","2014","1","23","4.35","0.41","0.93"
"RAMESH T, 2014, MAMM BIOL","10.1016/j.mambio.2014.05.001","2014","1","13","7.69","0.41","0.53"
"SMITH CD, 2015, J FISH WILDL MANAG","10.3996/022015-JFWM-011","2015","1","10","10.00","0.48","0.35"
"ATHREYA V, 2015, PLOS ONE","10.1371/journal.pone.0142647","2015","1","42","2.38","0.48","1.47"
"MORTELLITI A, 2015, CONSERV BIOL","10.1111/cobi.12523","2015","1","23","4.35","0.48","0.80"
"PEELE AM, 2015, AUK","10.1642/AUK-14-282.1","2015","1","13","7.69","0.48","0.45"
"SCHMIDT JH, 2015, ECOLOGY","10.1890/15-0385.1.sm","2015","1","24","4.17","0.48","0.84"
"EAKIN CJ, 2015, WILDLIFE SOC B","10.1002/wsb.566","2015","1","16","6.25","0.48","0.56"
"BUDY P, 2015, CONSERV BIOL","10.1111/cobi.12513","2015","1","32","3.13","0.48","1.12"
"BURNETT RD, 2015, PLOS ONE","10.1371/journal.pone.0123778","2015","1","15","6.67","0.48","0.52"
"GILROY JJ, 2015, GLOBAL CHANGE BIOL","10.1111/gcb.12696","2015","1","52","1.92","0.48","1.82"
"THOMSON JR, 2015, DIVERS DISTRIB","10.1111/ddi.12294","2015","1","32","3.13","0.48","1.12"
"O'DONNELL KM, 2015, PLOS ONE","10.1371/journal.pone.0117216","2015","1","18","5.56","0.48","0.63"
"VERAN S, 2015, ECOLOGY","10.1890/14-0183.1","2015","1","40","2.50","0.48","1.40"
"HIGA M, 2015, DIVERS DISTRIB","10.1111/ddi.12255","2015","1","25","4.00","0.48","0.87"
"ROSSMAN S, 2016, ECOLOGY","10.1002/ecy.1598","2016","1","36","2.78","0.39","1.29"
"FREY SJK, 2016, DIVERS DISTRIB","10.1111/ddi.12456","2016","1","47","2.13","0.39","1.69"
"WHITE AM, 2016, ANIM CONSERV","10.1111/acv.12237","2016","1","36","2.78","0.39","1.29"
"JOHNSON BA, 2016, FOREST ECOL MANAG","10.1016/j.foreco.2016.03.004","2016","1","7","14.29","0.39","0.25"
"HOMYACK JA, 2016, FOREST ECOL MANAG","10.1016/j.foreco.2015.11.037","2016","1","13","7.69","0.39","0.47"
"KILSHAW K, 2016, MAMMAL RES","10.1007/s13364-015-0253-x","2016","1","16","6.25","0.39","0.57"
"NAGY-REIS MB, 2017, ANIM CONSERV","10.1111/acv.12346","2017","1","14","7.14","0.81","0.81"
"WILLIAMS PJ, 2017, METHODS ECOL EVOL","10.1111/2041-210X.12815","2017","1","28","3.57","0.81","1.63"
"RAPACCIUOLO G, 2017, BIODIVERS CONSERV","10.1007/s10531-017-1399-4","2017","1","14","7.14","0.81","0.81"
"BROMMER JE, 2017, ECOSPHERE","10.1002/ecs2.1947","2017","1","18","5.56","0.81","1.05"
"FERREIRA GB, 2017, BIOTROPICA","10.1111/btp.12450","2017","1","6","16.67","0.81","0.35"
"GOLDING JD, 2017, ECOL EVOL","10.1002/ece3.2946","2017","1","8","12.50","0.81","0.47"
"REICHERT BE, 2017, DIVERS DISTRIB","10.1111/ddi.12531","2017","1","23","4.35","0.81","1.34"
"DAVIES HF, 2017, DIVERS DISTRIB","10.1111/ddi.12522","2017","1","47","2.13","0.81","2.73"
"LAMB JY, 2017, J HERPETOL","10.1670/16-050","2017","1","3","33.33","0.81","0.17"
"LEU M, 2017, J FIELD ORNITHOL","10.1111/jofo.12183","2017","1","6","16.67","0.81","0.35"
"LEE MB, 2017, PLOS ONE","10.1371/journal.pone.0170540","2017","1","49","2.04","0.81","2.85"
"MACLEAN SA, 2018, GLOBAL CHANGE BIOL","10.1111/gcb.14458","2018","1","14","7.14","0.69","0.89"
"IVAN JS, 2018, ECOSPHERE","10.1002/ecs2.2369","2018","1","14","7.14","0.69","0.89"
"MORAL RA, 2018, J AGR BIOL ENVIR ST","10.1007/s13253-017-0316-3","2018","1","3","33.33","0.69","0.19"
"SMITH YCE, 2018, LANDSCAPE ECOL","10.1007/s10980-017-0580-1","2018","1","26","3.85","0.69","1.65"
"CROVETTO F, 2019, ACTA HERPETOL","10.13128/a_h-7754","2019","1","4","25.00","0.90","0.22"
"MOSHER BA, 2019, ECOSPHERE","10.1002/ecs2.2935","2019","1","6","16.67","0.90","0.33"
"SERAFINI VN, 2019, OECOLOGIA","10.1007/s00442-019-04545-3","2019","1","2","50.00","0.90","0.11"
"KAFLEY H, 2019, BASIC APPL ECOL","10.1016/j.baae.2019.07.007","2019","1","20","5.00","0.90","1.10"
"RODHOUSE TJ, 2019, ECOL EVOL","10.1002/ece3.5612","2019","1","47","2.13","0.90","2.58"
"LEE MB, 2019, BASIC APPL ECOL","10.1016/j.baae.2019.08.003","2019","1","7","14.29","0.90","0.38"
"MANICA M, 2019, J APPL ECOL","10.1111/1365-2664.13454","2019","1","7","14.29","0.90","0.38"
"MILLS DR, 2019, ECOL EVOL","10.1002/ece3.5391","2019","1","11","9.09","0.90","0.60"
"HOLLAND AM, 2019, J WILDLIFE MANAGE","10.1002/jwmg.21745","2019","1","4","25.00","0.90","0.22"
"SEMPER-PASCUAL A, 2019, BIOL CONSERV","10.1016/j.biocon.2019.05.050","2019","1","24","4.17","0.90","1.32"
"DUCLOS TR, 2019, DIVERS DISTRIB","10.1111/ddi.12968","2019","1","21","4.76","0.90","1.15"
"BRODIE BS, 2019, ECOL INDIC","10.1016/j.ecolind.2019.01.038","2019","1","7","14.29","0.90","0.38"
"TERMAAT T, 2019, DIVERS DISTRIB","10.1111/ddi.12913","2019","1","57","1.75","0.90","3.13"
"MILLS D, 2019, PLOS ONE","10.1371/journal.pone.0216447","2019","1","33","3.03","0.90","1.81"
"VU TT, 2019, INT J PRIMATOL","10.1007/s10764-018-0073-3","2019","1","16","6.25","0.90","0.88"
"HOLLAND AM, 2019, ECOSPHERE","10.1002/ecs2.2614","2019","1","5","20.00","0.90","0.27"
"GUZY J, 2019, FOREST ECOL MANAG","10.1016/j.foreco.2018.10.006","2019","1","11","9.09","0.90","0.60"
"LAMOTHE KA, 2019, ENDANGER SPECIES RES","10.3354/esr00982","2019","1","6","16.67","0.90","0.33"
"THAPA K, 2020, PLOS ONE","10.1371/journal.pone.0243450","2020","1","5","20.00","1.34","0.36"
"DIAS DD, 2020, BIOL CONSERV","10.1016/j.biocon.2020.108796","2020","1","14","7.14","1.34","1.02"
"MADSEN EK, 2020, ECOL INDIC","10.1016/j.ecolind.2020.106737","2020","1","11","9.09","1.34","0.80"
"BAJARU S, 2020, PLOS ONE","10.1371/journal.pone.0240989","2020","1","4","25.00","1.34","0.29"
"PALACIO FX, 2020, AUK","10.1093/auk/ukaa057","2020","1","8","12.50","1.34","0.58"
"JANOUSEK WM, 2020, DIVERS DISTRIB","10.1111/ddi.13164","2020","1","4","25.00","1.34","0.29"
"PHUMANEE W, 2020, ECOSPHERE","10.1002/ecs2.3208","2020","1","14","7.14","1.34","1.02"
"LIMA KA, 2020, CONDOR","10.1093/condor/duaa016","2020","1","4","25.00","1.34","0.29"
"MOS J, 2020, MAMMAL RES","10.1007/s13364-020-00513-y","2020","1","16","6.25","1.34","1.16"
"LATIF QS, 2020, ECOL APPL","10.1002/eap.2142","2020","1","12","8.33","1.34","0.87"
"FRANKLIN MJM, 2020, AVIAN CONSERV ECOL","10.5751/ACE-01521-150108","2020","1","4","25.00","1.34","0.29"
"HUANG G, 2020, ANIM CONSERV","10.1111/acv.12588","2020","1","10","10.00","1.34","0.73"
"GEHRING TM, 2020, J GREAT LAKES RES","10.1016/j.jglr.2019.12.013","2020","1","4","25.00","1.34","0.29"
"KING TW, 2020, J WILDLIFE MANAGE","10.1002/jwmg.21846","2020","1","10","10.00","1.34","0.73"
"CREGO RD, 2020, BIOL CONSERV","10.1016/j.biocon.2020.108436","2020","1","18","5.56","1.34","1.31"
"FURNAS BJ, 2020, BIOL CONSERV","10.1016/j.biocon.2019.108347","2020","1","24","4.17","1.34","1.74"
"NAVEDA-RODRÍGUEZ A, 2020, WILDLIFE RES","10.1071/WR19135","2020","1","2","50.00","1.34","0.15"
"GOERTLER PAL, 2020, J FISH BIOL","10.1111/jfb.14143","2020","1","4","25.00","1.34","0.29"
"PEQUENO PACL, 2020, BIOTROPICA","10.1111/btp.12731","2020","1","4","25.00","1.34","0.29"
"MCCUNE F, 2020, URBAN ECOSYST","10.1007/s11252-019-00909-y","2020","1","19","5.26","1.34","1.38"
"MARESCOT L, 2020, ECOGRAPHY","10.1111/ecog.04536","2020","1","14","7.14","1.34","1.02"
"STEVENS BS, 2020, DIVERS DISTRIB","10.1111/ddi.12995","2020","1","23","4.35","1.34","1.67"
"FARRIS SC, 2021, ECOL INDIC","10.1016/j.ecolind.2021.108406","2021","1","1","100.00","2.05","0.14"
"CURRAS MR, 2021, BEHAV ECOL","10.1093/beheco/arab104","2021","1","2","50.00","2.05","0.28"
"CLIPP HL, 2021, ECOLOGY","10.1002/ecy.3520","2021","1","4","25.00","2.05","0.55"
"BASILE M, 2021, BMC BIOL","10.1186/s12915-021-01136-8","2021","1","6","16.67","2.05","0.83"
"CHRISTENSEN SA, 2021, ECOSPHERE","10.1002/ecs2.3725","2021","1","3","33.33","2.05","0.42"
"DUARTE A, 2021, HERPETOL CONSERV BIO","","2021","1","1","100.00","2.05","0.14"
"CABODEVILLA X, 2021, AGR ECOSYST ENVIRON","10.1016/j.agee.2021.107448","2021","1","9","11.11","2.05","1.25"
"ABRAMS JF, 2021, ECOGRAPHY","10.1111/ecog.05577","2021","1","5","20.00","2.05","0.69"
"CREMONESI G, 2021, ANIMALS-BASEL","10.3390/ani11030880","2021","1","7","14.29","2.05","0.97"
"AMBURGEY SM, 2021, J ANIM ECOL","10.1111/1365-2656.13403","2021","1","12","8.33","2.05","1.66"
"ZAMORA-MARIN JM, 2021, SCI REP-UK","10.1038/s41598-021-81605-w","2021","1","6","16.67","2.05","0.83"
"HOCKING DJ, 2021, ECOL EVOL","10.1002/ece3.7142","2021","1","4","25.00","2.05","0.55"
"LAHKAR D, 2021, ANIM CONSERV","10.1111/acv.12662","2021","1","10","10.00","2.05","1.38"
"LOUPPE V, 2021, J ZOOL","10.1111/jzo.12845","2021","1","7","14.29","2.05","0.97"
"CURVEIRA-SANTOS G, 2021, J APPL ECOL","10.1111/1365-2664.13726","2021","1","14","7.14","2.05","1.94"
"STANTON RA, 2021, ANIM CONSERV","10.1111/acv.12620","2021","1","9","11.11","2.05","1.25"
"MAGLE SB, 2021, GLOBAL CHANGE BIOL","10.1111/gcb.15800","2021","1","23","4.35","2.05","3.18"
"PENJOR U, 2022, P ROY SOC B-BIOL SCI","10.1098/rspb.2021.2681","2022","1","10","10.00","16.86","4.44"
"BOHNETT E, 2022, BIODIVERS CONSERV","10.1007/s10531-022-02423-8","2022","1","4","25.00","16.86","1.77"
"FALASCHI M, 2022, FRESHWATER BIOL","10.1111/fwb.13909","2022","1","8","12.50","16.86","3.55"
"BARAO-NÓBREGA JAL, 2022, PEERJ","10.7717/peerj.12906","2022","1","4","25.00","16.86","1.77"
"PARSONS AW, 2022, ECOSPHERE","10.1002/ecs2.3993","2022","1","5","20.00","16.86","2.22"
"ROY C, 2022, WILDLIFE BIOL","10.1002/wlb3.01003","2022","1","2","50.00","16.86","0.89"
"VAN DER WEYDE LK, 2022, DIVERS DISTRIB","10.1111/ddi.13386","2022","1","7","14.29","16.86","3.11"
"MACKENZIE DI, 2002, ECOLOGY","10.1890/0012-9658(2002)083[2248:ESORWD]2.0.CO;2","2002","0","3108","0.00","0.00","1.94"
"NORVELL RE, 2003, AUK","10.1642/0004-8038(2003)120[1013:ASCORA]2.0.CO;2","2003","0","108","0.00","0.00","0.18"
"MOORE JE, 2005, J WILDLIFE MANAGE","10.2193/0022-541X(2005)069[0933:MPOBFR]2.0.CO;2","2005","0","101","0.00","0.00","0.53"
"O'CONNELL AF, 2006, J WILDLIFE MANAGE","10.2193/0022-541X(2006)70[1625:ESOADP]2.0.CO;2","2006","0","152","0.00","0.00","2.14"
"DAWSON RD, 2006, ECOSCIENCE","10.2980/1195-6860(2006)13[75:FITBFP]2.0.CO;2","2006","0","17","0.00","0.00","0.24"
"HENNENLAN C, 2007, J WILDLIFE MANAGE","10.2193/2006-013","2007","0","15","0.00","0.00","0.13"
"RINEHART KA, 2009, J HERPETOL","10.1670/08-063R1.1","2009","0","10","0.00","0.00","0.10"
"VALLÈS H, 2009, MAR ECOL PROG SER","10.3354/meps07886","2009","0","11","0.00","0.00","0.11"
"THOGMARTIN WE, 2010, AVIAN CONSERV ECOL","","2010","0","13","0.00","0.00","0.27"
"GÓMEZ-RODRÍGUEZ C, 2010, ANN ZOOL FENN","10.5735/086.047.0502","2010","0","7","0.00","0.00","0.14"
"ROTH T, 2010, J APPL ECOL","10.1111/j.1365-2664.2010.01786.x","2010","0","13","0.00","0.00","0.27"
"SCHMIDT JH, 2011, WILDLIFE BIOL","10.2981/11-003","2011","0","3","0.00","0.00","0.04"
"GRILO C, 2011, EUR J WILDLIFE RES","10.1007/s10344-010-0478-6","2011","0","57","0.00","0.00","0.84"
"BLED F, 2011, BIODIVERS CONSERV","10.1007/s10531-011-0023-2","2011","0","2","0.00","0.00","0.03"
"POST VAN DER BURG M, 2011, J APPL ECOL","10.1111/j.1365-2664.2010.01900.x","2011","0","12","0.00","0.00","0.18"
"GRAVES TA, 2012, PLOS ONE","10.1371/journal.pone.0049410","2012","0","10","0.00","0.00","0.26"
"SUNDAR KSG, 2012, LANDSCAPE ECOL","10.1007/s10980-011-9666-3","2012","0","18","0.00","0.00","0.48"
"DURSO AM, 2013, J ZOOL","10.1111/jzo.12061","2013","0","24","0.00","0.00","0.62"
"WHITE AM, 2013, FOREST ECOL MANAG","10.1016/j.foreco.2013.04.039","2013","0","12","0.00","0.00","0.31"
"PETERMAN WE, 2013, J NAT CONSERV","10.1016/j.jnc.2012.11.005","2013","0","42","0.00","0.00","1.09"
"WEBBER AF, 2013, ECOL EVOL","10.1002/ece3.511","2013","0","33","0.00","0.00","0.86"
"ARIEFIANDY A, 2013, PLOS ONE","10.1371/journal.pone.0058800","2013","0","29","0.00","0.00","0.75"
"DAIL D, 2013, BIOMETRICS","10.1111/j.1541-0420.2012.01796.x","2013","0","4","0.00","0.00","0.10"
"STEWART-KOSTER B, 2013, ECOGRAPHY","10.1111/j.1600-0587.2012.07764.x","2013","0","19","0.00","0.00","0.49"
"CLEMENT MJ, 2013, J WILDLIFE MANAGE","10.1002/jwmg.456","2013","0","21","0.00","0.00","0.55"
"NEUBAUER G, 2013, ORNIS FENNICA","","2013","0","1","0.00","0.00","0.03"
"BAUMGARDT JA, 2014, J FISH WILDL MANAG","10.3996/042013-JFWM-031","2014","0","6","0.00","0.00","0.24"
"BLANC L, 2014, J APPL ECOL","10.1111/1365-2664.12319","2014","0","21","0.00","0.00","0.85"
"WAGNER T, 2014, ECOSPHERE","10.1890/ES14-00288.1","2014","0","12","0.00","0.00","0.49"
"FISHER AC, 2014, BIOL INVASIONS","10.1007/s10530-014-0653-x","2014","0","11","0.00","0.00","0.45"
"JORGENSEN CF, 2014, PLOS ONE","10.1371/journal.pone.0099339","2014","0","12","0.00","0.00","0.49"
"PETERMAN WE, 2014, ANIM CONSERV","10.1111/acv.12090","2014","0","31","0.00","0.00","1.26"
"SPEZIA L, 2014, COMPUT STAT DATA AN","10.1016/j.csda.2013.09.017","2014","0","6","0.00","0.00","0.24"
"WHITEHEAD AL, 2014, BIOL CONSERV","10.1016/j.biocon.2013.11.002","2014","0","27","0.00","0.00","1.10"
"BLED F, 2015, PLOS ONE","10.1371/journal.pone.0143347","2015","0","3","0.00","0.00","0.10"
"DYBALA KE, 2015, CONDOR","10.1650/CONDOR-15-41.1","2015","0","10","0.00","0.00","0.35"
"DEEPAK V, 2015, ORYX","10.1017/S0030605313001166","2015","0","2","0.00","0.00","0.07"
"CASHINS SD, 2015, WILDLIFE RES","10.1071/WR14183","2015","0","4","0.00","0.00","0.14"
"HOSTETTER NJ, 2015, CONDOR","10.1650/CONDOR-14-185.1","2015","0","10","0.00","0.00","0.35"
"LEE MB, 2015, J ARID ENVIRON","10.1016/j.jaridenv.2015.04.001","2015","0","14","0.00","0.00","0.49"
"NG K, 2015, J PLANT ECOL","10.1093/jpe/rtu032","2015","0","10","0.00","0.00","0.35"
"VAN STRIEN AJ, 2015, MAMM BIOL","10.1016/j.mambio.2015.04.002","2015","0","13","0.00","0.00","0.45"
"VINDSTAD OPL, 2015, EUR J FOREST RES","10.1007/s10342-015-0886-y","2015","0","5","0.00","0.00","0.17"
"RIVAS LF, 2015, PLOS ONE","10.1371/journal.pone.0127265","2015","0","7","0.00","0.00","0.24"
"LEE DE, 2015, CONDOR","10.1650/CONDOR-14-155.1","2015","0","37","0.00","0.00","1.29"
"FIGUEIRA L, 2015, BIOL CONSERV","10.1016/j.biocon.2014.12.020","2015","0","22","0.00","0.00","0.77"
"VALANKO S, 2015, J SEA RES","10.1016/j.seares.2014.09.001","2015","0","10","0.00","0.00","0.35"
"ZIELINSKI WJ, 2015, WILDLIFE BIOL","10.2981/wlb.00077","2015","0","13","0.00","0.00","0.45"
"LEWIS TL, 2015, J WILDLIFE MANAGE","10.1002/jwmg.837","2015","0","10","0.00","0.00","0.35"
"GOVINDAN BN, 2015, CAN J ZOOL","10.1139/cjz-2014-0130","2015","0","2","0.00","0.00","0.07"
"PROWSE TAA, 2015, MAR FRESHWATER RES","10.1071/MF14081","2015","0","3","0.00","0.00","0.10"
"WANG X, 2015, STAT SINICA","10.5705/ss.2013.212w","2015","0","12","0.00","0.00","0.42"
"KELLNER KF, 2016, FOREST ECOL MANAG","10.1016/j.foreco.2016.10.008","2016","0","22","0.00","0.00","0.79"
"GUSTAFSON KD, 2016, HERPETOLOGICA","10.1655/Herpetologica-D-16-00003.1","2016","0","5","0.00","0.00","0.18"
"TOZER DC, 2016, AVIAN CONSERV ECOL","10.5751/ACE-00875-110203","2016","0","16","0.00","0.00","0.57"
"MCCAFFERY R, 2016, ECOSPHERE","10.1002/ecs2.1585","2016","0","15","0.00","0.00","0.54"
"PANDOLFO TJ, 2016, FRESHWATER BIOL","10.1111/fwb.12807","2016","0","6","0.00","0.00","0.22"
"JIMÉNEZ J, 2016, CONSERV BIOL","10.1111/cobi.12685","2016","0","14","0.00","0.00","0.50"
"VANDER YACHT AL, 2016, J WILDLIFE MANAGE","10.1002/jwmg.21097","2016","0","22","0.00","0.00","0.79"
"WOODCOCK BA, 2016, NAT COMMUN","10.1038/ncomms12459","2016","0","300","0.00","0.00","10.78"
"FLESCHUTZ MM, 2016, BIODIVERS CONSERV","10.1007/s10531-016-1118-6","2016","0","20","0.00","0.00","0.72"
"KARENYI N, 2016, DIVERS DISTRIB","10.1111/ddi.12441","2016","0","6","0.00","0.00","0.22"
"KAWAMURA K, 2016, ORNITHOL SCI","","2016","0","3","0.00","0.00","0.11"
"LASKE SM, 2016, FRESHWATER BIOL","10.1111/fwb.12769","2016","0","28","0.00","0.00","1.01"
"MORTELLITI A, 2016, DIVERS DISTRIB","10.1111/ddi.12444","2016","0","21","0.00","0.00","0.75"
"TENAN S, 2016, ECOL MODEL","10.1016/j.ecolmodel.2016.02.006","2016","0","12","0.00","0.00","0.43"
"ROSS BE, 2016, ECOSPHERE","10.1002/ecs2.1323","2016","0","19","0.00","0.00","0.68"
"SWALLOW B, 2016, BIOMETRICAL J","10.1002/bimj.201400081","2016","0","13","0.00","0.00","0.47"
"GANTCHOFF MG, 2016, AUSTRAL ECOL","10.1111/aec.12303","2016","0","13","0.00","0.00","0.47"
"LOGAN MK, 2016, J WILDLIFE MANAGE","10.1002/jwmg.1011","2016","0","6","0.00","0.00","0.22"
"GIBSON-REINEMER DK, 2016, N AM J FISH MANAGE","10.1080/02755947.2016.1206642","2016","0","9","0.00","0.00","0.32"
"POTOKA KM, 2016, T AM FISH SOC","10.1080/00028487.2016.1201002","2016","0","3","0.00","0.00","0.11"
"BAILEY AM, 2017, J MAMMAL","10.1093/jmammal/gyx117","2017","0","13","0.00","0.00","0.76"
"ELLINGTON EH, 2017, J FISH WILDL MANAG","10.3996/012016-JFWM-006","2017","0","3","0.00","0.00","0.17"
"LESTON LFV, 2017, AVIAN CONSERV ECOL","10.5751/ACE-01049-120204","2017","0","3","0.00","0.00","0.17"
"MONROE KD, 2017, HERPETOLOGICA","10.1655/Herpetologica-D-16-00089","2017","0","6","0.00","0.00","0.35"
"REID SM, 2017, J APPL ICHTHYOL","10.1111/jai.13463","2017","0","12","0.00","0.00","0.70"
"WOOD EM, 2017, J FIELD ORNITHOL","10.1111/jofo.12220","2017","0","3","0.00","0.00","0.17"
"BUSH CL, 2017, COPEIA","10.1643/CH-17-579","2017","0","3","0.00","0.00","0.17"
"AYLESWORTH L, 2017, ANIM CONSERV","10.1111/acv.12332","2017","0","6","0.00","0.00","0.35"
"ZOBELL VM, 2017, PEERJ","10.7717/peed.3761","2017","0","1","0.00","0.00","0.06"
"LEASURE DR, 2017, INSECT CONSERV DIVER","10.1111/icad.12233","2017","0","3","0.00","0.00","0.17"
"NARANGO DL, 2017, BIOL CONSERV","10.1016/j.biocon.2017.06.029","2017","0","88","0.00","0.00","5.12"
"VAN LANEN NJ, 2017, BIOL CONSERV","10.1016/j.biocon.2017.06.030","2017","0","8","0.00","0.00","0.47"
"PAULI BP, 2017, J WILDLIFE MANAGE","10.1002/jwmg.21251","2017","0","11","0.00","0.00","0.64"
"CRAMPTON LH, 2017, BIODIVERS CONSERV","10.1007/s10531-017-1313-0","2017","0","4","0.00","0.00","0.23"
"KELLNER JR, 2017, ECOLOGY","10.1002/ecy.1847","2017","0","19","0.00","0.00","1.11"
"OKES NC, 2017, AQUAT CONSERV","10.1002/aqc.2738","2017","0","7","0.00","0.00","0.41"
"DORAZIO RM, 2017, PLOS ONE","10.1371/journal.pone.0176966","2017","0","7","0.00","0.00","0.41"
"OLSON LE, 2017, PLOS ONE","10.1371/journal.pone.0177165","2017","0","5","0.00","0.00","0.29"
"MURDOCH JD, 2017, BIOL CONSERV","10.1016/j.biocon.2017.02.035","2017","0","7","0.00","0.00","0.41"
"HOSSACK BR, 2017, HYDROBIOLOGIA","10.1007/s10750-016-2979-0","2017","0","12","0.00","0.00","0.70"
"BAUDER JM, 2017, J HERPETOL","10.1670/15-064","2017","0","16","0.00","0.00","0.93"
"FARRIS ZJ, 2017, BIOL CONSERV","10.1016/j.biocon.2016.10.025","2017","0","16","0.00","0.00","0.93"
"MURPHY AJ, 2017, J MAMMAL","10.1093/jmammal/gyw168","2017","0","14","0.00","0.00","0.81"
"TWEDT DJ, 2017, FOREST ECOL MANAG","10.1016/j.foreco.2016.10.031","2017","0","7","0.00","0.00","0.41"
"BANCILA RI, 2017, POPUL ECOL","10.1007/s10144-017-0575-4","2017","0","7","0.00","0.00","0.41"
"BELANT JL, 2017, WILDLIFE BIOL","10.2981/wlb.00287","2017","0","4","0.00","0.00","0.23"
"FLEISHMAN E, 2017, DIVERS DISTRIB","10.1111/ddi.12504","2017","0","6","0.00","0.00","0.35"
"KENNEDY CM, 2017, ECOL APPL","10.1002/eap.1470","2017","0","8","0.00","0.00","0.47"
"WEDDERBURN SD, 2018, WETL ECOL MANAG","10.1007/s11273-018-9634-7","2018","0","6","0.00","0.00","0.38"
"WOMACK-BULLINER KM, 2018, ACTA CHIROPTEROL","10.3161/15081109ACC2018.20.2.016","2018","0","1","0.00","0.00","0.06"
"YIRKA LM, 2018, J FISH WILDL MANAG","10.3996/112017-JFWM-089","2018","0","1","0.00","0.00","0.06"
"BÖTSCH Y, 2018, FRONT ECOL EVOL","10.3389/fevo.2018.00175","2018","0","35","0.00","0.00","2.22"
"KWON E, 2018, J APPL ECOL","10.1111/1365-2664.13243","2018","0","4","0.00","0.00","0.25"
"O'NEIL ST, 2018, J APPL ECOL","10.1111/1365-2664.13249","2018","0","35","0.00","0.00","2.22"
"RODHOUSE TJ, 2018, DIVERS DISTRIB","10.1111/ddi.12791","2018","0","10","0.00","0.00","0.63"
"SCROGGIE MP, 2018, J APPL ECOL","10.1111/1365-2664.13253","2018","0","8","0.00","0.00","0.51"
"BUZZARD PJ, 2018, MAMMALIA","10.1515/mammalia-2017-0019","2018","0","3","0.00","0.00","0.19"
"TINGLEY MW, 2018, J ANIM ECOL","10.1111/1365-2656.12851","2018","0","25","0.00","0.00","1.59"
"PAOLINO RM, 2018, J MAMMAL","10.1093/jmammal/gyy075","2018","0","28","0.00","0.00","1.78"
"BLUM AG, 2018, ECOSPHERE","10.1002/ecs2.2356","2018","0","21","0.00","0.00","1.33"
"CROSBY AD, 2018, J WILDLIFE MANAGE","10.1002/jwmg.21466","2018","0","4","0.00","0.00","0.25"
"DUCKWORTH GD, 2018, DIVERS DISTRIB","10.1111/ddi.12756","2018","0","9","0.00","0.00","0.57"
"WARD MP, 2018, CONDOR","10.1650/CONDOR-17-153.1","2018","0","7","0.00","0.00","0.44"
"WILSON TL, 2018, ECOL EVOL","10.1002/ece3.4259","2018","0","4","0.00","0.00","0.25"
"BEDRIÑANA-ROMANO L, 2018, DIVERS DISTRIB","10.1111/ddi.12739","2018","0","17","0.00","0.00","1.08"
"BELLIER E, 2018, J ANIM ECOL","10.1111/1365-2656.12826","2018","0","8","0.00","0.00","0.51"
"LUZA AL, 2018, PERSPECT ECOL CONSER","10.1016/j.pecon.2018.06.006","2018","0","9","0.00","0.00","0.57"
"RAY JC, 2018, J BIOGEOGR","10.1111/jbi.13240","2018","0","4","0.00","0.00","0.25"
"WHEELER K, 2018, BIOL CONSERV","10.1016/j.biocon.2018.04.023","2018","0","3","0.00","0.00","0.19"
"RICH M, 2018, FRONT ECOL EVOL","10.3389/fevo.2018.00078","2018","0","15","0.00","0.00","0.95"
"AMUNDSON CL, 2018, J FISH WILDL MANAG","10.3996/062017-JFWM-050","2018","0","4","0.00","0.00","0.25"
"BURKHALTER C, 2018, ANIM CONSERV","10.1111/acv.12382","2018","0","4","0.00","0.00","0.25"
"MOSHER BA, 2018, ECOL APPL","10.1002/eap.1699","2018","0","20","0.00","0.00","1.27"
"PEJCHAR L, 2018, DIVERS DISTRIB","10.1111/ddi.12723","2018","0","9","0.00","0.00","0.57"
"HOLLERBACH L, 2018, MAMM BIOL","10.1016/j.mambio.2018.02.003","2018","0","11","0.00","0.00","0.70"
"HUNTSMAN BM, 2018, T AM FISH SOC","10.1002/tafs.10051","2018","0","9","0.00","0.00","0.57"
"LOMAN ZG, 2018, J APPL ECOL","10.1111/1365-2664.13015","2018","0","9","0.00","0.00","0.57"
"OCOCK JF, 2018, ENVIRON MANAGE","10.1007/s00267-017-0837-0","2018","0","12","0.00","0.00","0.76"
"TOLLIVER JDM, 2018, CALIF FISH GAME","","2018","0","0","","0.00","0.00"
"WESCHE SL, 2018, WILDLIFE SOC B","10.1002/wsb.863","2018","0","0","","0.00","0.00"
"COUTO TBD, 2018, CAN J FISH AQUAT SCI","10.1139/cjfas-2016-0388","2018","0","19","0.00","0.00","1.21"
"TAKI H, 2018, BASIC APPL ECOL","10.1016/j.baae.2017.09.002","2018","0","16","0.00","0.00","1.02"
"GOLDINGAY RL, 2018, AUST J ZOOL","10.1071/ZO18079","2018","0","0","","0.00","0.00"
"HILEMAN ET, 2018, J WILDLIFE MANAGE","10.1002/jwmg.21345","2018","0","33","0.00","0.00","2.09"
"VEILLEUX MAN, 2018, AQUAT ECOSYST HEALTH","10.1080/14634988.2018.1507530","2018","0","10","0.00","0.00","0.63"
"WONG ST, 2018, MAMM BIOL","10.1016/j.mambio.2017.11.010","2018","0","2","0.00","0.00","0.13"
"ZMIHORSKI M, 2018, AGR ECOSYST ENVIRON","10.1016/j.agee.2017.09.033","2018","0","15","0.00","0.00","0.95"
"BEASLEY EM, 2019, J MAMMAL","10.1093/jmammal/gyz102","2019","0","3","0.00","0.00","0.16"
"ANDERSEN EM, 2019, BIOL CONSERV","10.1016/j.biocon.2019.108276","2019","0","23","0.00","0.00","1.26"
"BAUMGARDT JA, 2019, J FISH WILDL MANAG","10.3996/042019-JFWM-027","2019","0","3","0.00","0.00","0.16"
"PANGAU-ADAM MZ, 2019, J ASIA-PAC BIODIVERS","10.1016/j.japb.2019.07.005","2019","0","2","0.00","0.00","0.11"
"BAJARU SB, 2019, MAMM BIOL","10.1016/j.mambio.2019.10.003","2019","0","4","0.00","0.00","0.22"
"ZÚÑIGA-VEGA JJ, 2019, ACTA OECOL","10.1016/j.actao.2019.103480","2019","0","8","0.00","0.00","0.44"
"WILKINS LGE, 2019, ECOSPHERE","10.1002/ecs2.2951","2019","0","1","0.00","0.00","0.05"
"CUMMING GS, 2019, AFR ZOOL","10.1080/15627020.2019.1658540","2019","0","4","0.00","0.00","0.22"
"NAREFF GE, 2019, FOREST ECOL MANAG","10.1016/j.foreco.2019.05.062","2019","0","8","0.00","0.00","0.44"
"ALVES F, 2019, AUSTRAL ECOL","10.1111/aec.12817","2019","0","1","0.00","0.00","0.05"
"FIGEL JJ, 2019, PLOS ONE","10.1371/journal.pone.0221705","2019","0","12","0.00","0.00","0.66"
"BREININGER DR, 2019, ECOSPHERE","10.1002/ecs2.2824","2019","0","4","0.00","0.00","0.22"
"CASSEL KW, 2019, HERPETOL CONSERV BIO","","2019","0","2","0.00","0.00","0.11"
"JOHNSON AEM, 2019, J WILDLIFE MANAGE","10.1002/jwmg.21730","2019","0","3","0.00","0.00","0.16"
"MANGAN AO, 2019, CONDOR","10.1093/condor/duz031","2019","0","3","0.00","0.00","0.16"
"O'LEARY CA, 2019, CAN J FISH AQUAT SCI","10.1139/cjfas-2018-0092","2019","0","17","0.00","0.00","0.93"
"LOGGINS AA, 2019, J MAMMAL","10.1093/jmammal/gyz100","2019","0","15","0.00","0.00","0.82"
"FORSYTH DM, 2019, J WILDLIFE MANAGE","10.1002/jwmg.21675","2019","0","20","0.00","0.00","1.10"
"RYAN GE, 2019, CONSERV BIOL","10.1111/cobi.13261","2019","0","1","0.00","0.00","0.05"
"DHANJAL-ADAMS KL, 2019, DIVERS DISTRIB","10.1111/ddi.12884","2019","0","5","0.00","0.00","0.27"
"SZEWCZYK TM, 2019, ECOGRAPHY","10.1111/ecog.04115","2019","0","21","0.00","0.00","1.15"
"TEETS KD, 2019, ACTA CHIROPTEROL","10.3161/15081109ACC2019.21.1.017","2019","0","4","0.00","0.00","0.22"
"DENNIS EB, 2019, J INSECT CONSERV","10.1007/s10841-019-00135-z","2019","0","35","0.00","0.00","1.92"
"GEYLE HM, 2019, AUSTRAL ECOL","10.1111/aec.12667","2019","0","9","0.00","0.00","0.49"
"PIÉDALLU B, 2019, ORYX","10.1017/S0030605317000321","2019","0","13","0.00","0.00","0.71"
"POWNEY GD, 2019, NAT COMMUN","10.1038/s41467-019-08974-9","2019","0","361","0.00","0.00","19.82"
"SHEA CP, 2019, WILDLIFE RES","10.1071/WR18058","2019","0","5","0.00","0.00","0.27"
"FROEHLY JL, 2019, J WILDLIFE MANAGE","10.1002/jwmg.21587","2019","0","6","0.00","0.00","0.33"
"LEPARD CC, 2019, WILDLIFE RES","10.1071/WR17181","2019","0","19","0.00","0.00","1.04"
"MAGEE PA, 2019, CONDOR","10.1093/condor/duy008","2019","0","9","0.00","0.00","0.49"
"CLARK AE, 2019, ECOL EVOL","10.1002/ece3.4850","2019","0","13","0.00","0.00","0.71"
"GREEN AW, 2019, ECOL EVOL","10.1002/ece3.4822","2019","0","19","0.00","0.00","1.04"
"HARPER LR, 2019, FRESHWATER BIOL","10.1111/fwb.13197","2019","0","32","0.00","0.00","1.76"
"LEASURE DR, 2019, ECOLOGY","10.1002/ecy.2538","2019","0","15","0.00","0.00","0.82"
"PEREIRA-RIBEIRO J, 2019, WILDLIFE RES","10.1071/WR19019","2019","0","5","0.00","0.00","0.27"
"RIVERA-MILÁN FF, 2019, ENDANGER SPECIES RES","10.3354/esr00996","2019","0","2","0.00","0.00","0.11"
"VALENTE JJ, 2019, DIVERS DISTRIB","10.1111/ddi.12837","2019","0","27","0.00","0.00","1.48"
"HEGEL CGZ, 2019, BIOTA NEOTROP","10.1590/1676-0611-BN-2018-0719","2019","0","7","0.00","0.00","0.38"
"JONES GM, 2020, FOREST ECOL MANAG","10.1016/j.foreco.2020.118493","2020","0","4","0.00","0.00","0.29"
"LAMBERT JP, 2020, J ARID ENVIRON","10.1016/j.jaridenv.2020.104263","2020","0","0","","0.00","0.00"
"PEREIRA-RIBEIRO J, 2020, HERPETOL CONSERV BIO","","2020","0","0","","0.00","0.00"
"WALLACE R, 2020, TROP CONSERV SCI","10.1177/1940082920966470","2020","0","1","0.00","0.00","0.07"
"FERREIRA GB, 2020, BIOL CONSERV","10.1016/j.biocon.2020.108762","2020","0","27","0.00","0.00","1.96"
"BYERLY PA, 2020, RESTOR ECOL","10.1111/rec.13222","2020","0","3","0.00","0.00","0.22"
"COOK RN, 2020, LANDSCAPE ECOL","10.1007/s10980-020-01123-4","2020","0","7","0.00","0.00","0.51"
"VAN SCHALKWYK J, 2020, SCI REP-UK","10.1038/s41598-020-71724-1","2020","0","8","0.00","0.00","0.58"
"FIDINO M, 2020, WILDLIFE SOC B","10.1002/wsb.1122","2020","0","13","0.00","0.00","0.94"
"GARCÍA-DÍAZ P, 2020, ENVIRON CONSERV","10.1017/S0376892920000132","2020","0","1","0.00","0.00","0.07"
"HUTTON JM, 2020, FRESHW SCI","10.1086/709688","2020","0","9","0.00","0.00","0.65"
"MENA JL, 2020, GLOB ECOL CONSERV","10.1016/j.gecco.2020.e01079","2020","0","16","0.00","0.00","1.16"
"WASEEM M, 2020, GLOB ECOL CONSERV","10.1016/j.gecco.2020.e01135","2020","0","8","0.00","0.00","0.58"
"WILSON EC, 2020, BIOL CONSERV","10.1016/j.biocon.2020.108731","2020","0","3","0.00","0.00","0.22"
"SEMPER-PASCUAL A, 2020, BIODIVERS CONSERV","10.1007/s10531-020-02042-1","2020","0","15","0.00","0.00","1.09"
"MACCHI L, 2020, J APPL ECOL","10.1111/1365-2664.13699","2020","0","20","0.00","0.00","1.45"
"VU TT, 2020, AM J PRIMATOL","10.1002/ajp.23171","2020","0","4","0.00","0.00","0.29"
"LELE A, 2020, ECOL EVOL","10.1002/ece3.6500","2020","0","5","0.00","0.00","0.36"
"LEE MB, 2020, INTEGR ZOOL","10.1111/1749-4877.12442","2020","0","0","","0.00","0.00"
"MIRITIS V, 2020, WILDLIFE RES","10.1071/WR19202","2020","0","9","0.00","0.00","0.65"
"OLIVER K, 2020, WILDLIFE RES","10.1071/WR19012","2020","0","4","0.00","0.00","0.29"
"BLOMBERG EJ, 2020, AVIAN CONSERV ECOL","10.5751/ACE-01517-150109","2020","0","6","0.00","0.00","0.44"
"GRAVES TA, 2020, ECOSPHERE","10.1002/ecs2.3141","2020","0","24","0.00","0.00","1.74"
"HILEMAN ET, 2020, GLOB ECOL CONSERV","10.1016/j.gecco.2020.e00984","2020","0","2","0.00","0.00","0.15"
"COHEN MM, 2020, ECOL APPL","10.1002/eap.2088","2020","0","3","0.00","0.00","0.22"
"RAPPAPORT DI, 2020, ECOL INDIC","10.1016/j.ecolind.2020.106172","2020","0","16","0.00","0.00","1.16"
"AKKAWI P, 2020, J MAMMAL","10.1093/jmammal/gyaa052","2020","0","13","0.00","0.00","0.94"
"LATIF QS, 2020, FOREST ECOL MANAG","10.1016/j.foreco.2020.118043","2020","0","8","0.00","0.00","0.58"
"COOPER WJ, 2020, ECOSPHERE","10.1002/ecs2.3107","2020","0","15","0.00","0.00","1.09"
"HUA Y, 2020, ANN ZOOL FENN","10.5735/086.057.0106","2020","0","8","0.00","0.00","0.58"
"STEVENS BS, 2020, ECOSPHERE","10.1002/ecs2.3131","2020","0","2","0.00","0.00","0.15"
"TAYLOR SS, 2020, GLOBAL ECOL BIOGEOGR","10.1111/geb.13064","2020","0","9","0.00","0.00","0.65"
"WILLIAMS LA, 2020, HERPETOL CONSERV BIO","","2020","0","3","0.00","0.00","0.22"
"O'NEIL ST, 2020, J ANIM ECOL","10.1111/1365-2656.13199","2020","0","21","0.00","0.00","1.52"
"BLANCO CM, 2020, FOREST ECOL MANAG","10.1016/j.foreco.2020.117890","2020","0","4","0.00","0.00","0.29"
"NORDÉN J, 2020, ECOL EVOL","10.1002/ece3.6124","2020","0","2","0.00","0.00","0.15"
"GARCÍA K, 2020, MAMMAL RES","10.1007/s13364-020-00483-1","2020","0","1","0.00","0.00","0.07"
"VON FELTEN S, 2020, BIODIVERS CONSERV","10.1007/s10531-020-01949-z","2020","0","0","","0.00","0.00"
"SOROYE P, 2020, SCIENCE","10.1126/science.aax8591","2020","0","309","0.00","0.00","22.42"
"RAMÍREZ-CRUZ GA, 2020, URBAN ECOSYST","10.1007/s11252-019-00922-1","2020","0","2","0.00","0.00","0.15"
"WOOD CM, 2020, CONDOR","10.1093/condor/duz058","2020","0","11","0.00","0.00","0.80"
"SCHUMANN DA, 2020, N AM J FISH MANAGE","10.1002/nafm.10402","2020","0","4","0.00","0.00","0.29"
"MEYER NFV, 2020, MOV ECOL","10.1186/s40462-019-0186-0","2020","0","17","0.00","0.00","1.23"
"BRITTAIN S, 2020, ORYX","10.1017/S0030605317001569","2020","0","18","0.00","0.00","1.31"
"COON CAC, 2020, WILDLIFE BIOL","10.2981/wlb.00540","2020","0","8","0.00","0.00","0.58"
"TOWNSEND SE, 2020, CALIF FISH GAME","","2020","0","1","0.00","0.00","0.07"
"BRUSA JL, 2020, POPUL ECOL","10.1002/1438-390X.12036","2020","0","5","0.00","0.00","0.36"
"SMITH MM, 2020, ECOGRAPHY","10.1111/ecog.04743","2020","0","15","0.00","0.00","1.09"
"WRIGHT WJ, 2020, METHODS ECOL EVOL","10.1111/2041-210X.13315","2020","0","16","0.00","0.00","1.16"
"ROBERTS AJ, 2020, J WILDLIFE MANAGE","10.1002/jwmg.21775","2020","0","3","0.00","0.00","0.22"
"TINGLEY MW, 2020, FOREST ECOL MANAG","10.1016/j.foreco.2019.117694","2020","0","16","0.00","0.00","1.16"
"RIECKE TV, 2021, ECOL EVOL","10.1002/ece3.8410","2021","0","2","0.00","0.00","0.28"
"ALDRIDGE CA, 2021, HERPETOL CONSERV BIO","","2021","0","0","","0.00","0.00"
"BEDOYA-DURÁN MJ, 2021, GLOB ECOL CONSERV","10.1016/j.gecco.2021.e01921","2021","0","3","0.00","0.00","0.42"
"JONES HH, 2021, GLOB ECOL CONSERV","10.1016/j.gecco.2021.e01922","2021","0","14","0.00","0.00","1.94"
"MANCHL SS, 2021, J RAPTOR RES","10.3356/JRR-20-73","2021","0","1","0.00","0.00","0.14"
"OLIVEIRA JCF, 2021, S AM J HERPETOL","10.2994/SAJH-D-19-00122.1","2021","0","0","","0.00","0.00"
"DUARTE A, 2021, ECOL EVOL","10.1002/ece3.8292","2021","0","3","0.00","0.00","0.42"
"KUPFERMAN CA, 2021, ECOSPHERE","10.1002/ecs2.3827","2021","0","1","0.00","0.00","0.14"
"NUNES LA, 2021, ECOL EVOL","10.1002/ece3.8270","2021","0","0","","0.00","0.00"
"DUCHAC LS, 2021, ECOSPHERE","10.1002/ecs2.3770","2021","0","5","0.00","0.00","0.69"
"KHOO MDY, 2021, GLOB ECOL CONSERV","10.1016/j.gecco.2021.e01807","2021","0","3","0.00","0.00","0.42"
"ORIOLI V, 2021, WETLANDS","10.1007/s13157-021-01483-w","2021","0","1","0.00","0.00","0.14"
"ZULIAN V, 2021, DIVERS DISTRIB","10.1111/ddi.13416","2021","0","28","0.00","0.00","3.88"
"MALHOTRA R, 2021, DIVERS DISTRIB","10.1111/ddi.13391","2021","0","1","0.00","0.00","0.14"
"OJA EB, 2021, ECOL INDIC","10.1016/j.ecolind.2021.108123","2021","0","7","0.00","0.00","0.97"
"FOWLER NL, 2021, ECOLOGY","10.1002/ecy.3494","2021","0","5","0.00","0.00","0.69"
"DE SOUZA DA, 2021, PERSPECT ECOL CONSER","10.1016/j.pecon.2021.03.009","2021","0","0","","0.00","0.00"
"GÁMEZ S, 2021, ECOL APPL","10.1002/eap.2393","2021","0","12","0.00","0.00","1.66"
"HAMER AJ, 2021, GLOB ECOL CONSERV","10.1016/j.gecco.2021.e01663","2021","0","11","0.00","0.00","1.52"
"KHARA A, 2021, EUR J WILDLIFE RES","10.1007/s10344-021-01492-4","2021","0","4","0.00","0.00","0.55"
"SILVA TL, 2021, ECOL MODEL","10.1016/j.ecolmodel.2021.109662","2021","0","3","0.00","0.00","0.42"
"FRANKLIN MJM, 2021, FOREST ECOL MANAG","10.1016/j.foreco.2021.119484","2021","0","5","0.00","0.00","0.69"
"ERICKSON KD, 2021, ECOGRAPHY","10.1111/ecog.05679","2021","0","13","0.00","0.00","1.80"
"HOFMEESTER TR, 2021, ECOSPHERE","10.1002/ecs2.3662","2021","0","13","0.00","0.00","1.80"
"WRIGHT WJ, 2021, ECOL EVOL","10.1002/ece3.7629","2021","0","5","0.00","0.00","0.69"
"KATAYAMA N, 2021, AGR ECOSYST ENVIRON","10.1016/j.agee.2021.107539","2021","0","6","0.00","0.00","0.83"
"BOWLER DE, 2021, DIVERS DISTRIB","10.1111/ddi.13274","2021","0","29","0.00","0.00","4.01"
"CARVALHO EAR, 2021, FOREST ECOL MANAG","10.1016/j.foreco.2021.119401","2021","0","6","0.00","0.00","0.83"
"SMITH GD, 2021, N AM J FISH MANAGE","10.1002/nafm.10628","2021","0","4","0.00","0.00","0.55"
"PICARD APD, 2021, RESTOR ECOL","10.1111/rec.13384","2021","0","0","","0.00","0.00"
"ODONJAVKHLAN C, 2021, J ZOOL","10.1111/jzo.12889","2021","0","5","0.00","0.00","0.69"
"BALAGUERA-REINA SA, 2021, ECOSPHERE","10.1002/ecs2.3532","2021","0","1","0.00","0.00","0.14"
"GERVAIS A, 2021, INSECTS","10.3390/insects12050421","2021","0","10","0.00","0.00","1.38"
"GONZÁLEZ TM, 2021, PERSPECT ECOL CONSER","10.1016/j.pecon.2021.03.005","2021","0","8","0.00","0.00","1.11"
"GUHARAJAN R, 2021, FOREST ECOL MANAG","10.1016/j.foreco.2021.119270","2021","0","6","0.00","0.00","0.83"
"SALOM-PÉREZ R, 2021, PLOS ONE","10.1371/journal.pone.0249072","2021","0","7","0.00","0.00","0.97"
"PENJOR U, 2021, LANDSCAPE ECOL","10.1007/s10980-021-01225-7","2021","0","15","0.00","0.00","2.08"
"ZAMORA-MARÍN JM, 2021, HYDROBIOLOGIA","10.1007/s10750-021-04552-7","2021","0","9","0.00","0.00","1.25"
"BLAKEY RV, 2021, LANDSCAPE ECOL","10.1007/s10980-021-01204-y","2021","0","8","0.00","0.00","1.11"
"WILLIAMS KS, 2021, ORYX","10.1017/S0030605319000747","2021","0","9","0.00","0.00","1.25"
"PACHOMSKI A, 2021, DIVERSITY-BASEL","10.3390/d13020099","2021","0","2","0.00","0.00","0.28"
"HARRIS SH, 2021, FOREST ECOL MANAG","10.1016/j.foreco.2020.118902","2021","0","9","0.00","0.00","1.25"
"MOREIRA-ARCE D, 2021, LANDSCAPE ECOL","10.1007/s10980-020-01171-w","2021","0","2","0.00","0.00","0.28"
"BARATA IM, 2021, HERPETOL J","10.33256/hj31.1.19","2021","0","7","0.00","0.00","0.97"
"BOHNETT ET, 2021, J WILDLIFE BIODIVERS","10.22120/jwb.2021.139653.1198","2021","0","2","0.00","0.00","0.28"
"HANNON DR, 2021, FOREST ECOL MANAG","10.1016/j.foreco.2020.118546","2021","0","2","0.00","0.00","0.28"
"WOODGATE Z, 2021, ENDANGER SPECIES RES","10.3354/esr01106","2021","0","1","0.00","0.00","0.14"
"GAYNOR KM, 2021, ANIM CONSERV","10.1111/acv.12661","2021","0","10","0.00","0.00","1.38"
"MOURGUIART B, 2021, ECOL ENTOMOL","10.1111/een.12991","2021","0","5","0.00","0.00","0.69"
"ORTEGA-ALVAREZ R, 2021, J ORNITHOL","10.1007/s10336-020-01820-6","2021","0","1","0.00","0.00","0.14"
"MCALPINE-BELLIS E, 2022, J FRESHWATER ECOL","10.1080/02705060.2022.2118181","2022","0","0","","0.00","0.00"
"AMIR Z, 2022, ECOL EVOL","10.1002/ece3.9627","2022","0","3","0.00","0.00","1.33"
"ARES-PEREIRA G, 2022, AGR ECOSYST ENVIRON","10.1016/j.agee.2022.108174","2022","0","4","0.00","0.00","1.77"
"STRAMPELLI P, 2022, CONSERV BIOL","10.1111/cobi.13943","2022","0","7","0.00","0.00","3.11"
"THAPA K, 2022, ECOL EVOL","10.1002/ece3.9600","2022","0","1","0.00","0.00","0.44"
"VAN MIERLO VA, 2022, FRESHW SCI","10.1086/722576","2022","0","1","0.00","0.00","0.44"
"HERRERA DJ, 2022, FRONT ECOL EVOL","10.3389/fevo.2022.1048585","2022","0","2","0.00","0.00","0.89"
"DRI GF, 2022, BIOL CONSERV","10.1016/j.biocon.2022.109793","2022","0","0","","0.00","0.00"
"ANTONELLI CR, 2022, LANDSCAPE URBAN PLAN","10.1016/j.lurbplan.2022.104542","2022","0","0","","0.00","0.00"
"HOLMES V, 2022, BMC ECOL EVOL","10.1186/s12862-022-02073-y","2022","0","1","0.00","0.00","0.44"
"OROPEZA-SÁNCHEZ MT, 2022, ECOL PROCESS","10.1186/s13717-022-00408-7","2022","0","1","0.00","0.00","0.44"
"GU BJ, 2022, BIOL CONSERV","10.1016/j.biocon.2022.109772","2022","0","0","","0.00","0.00"
"SYTSMA MLT, 2022, PEOPLE NAT","10.1002/pan3.10402","2022","0","4","0.00","0.00","1.77"
"BARIK S, 2022, ECOL INFORM","10.1016/j.ecoinf.2022.101833","2022","0","1","0.00","0.00","0.44"
"BEISSINGER SR, 2022, ECOL LETT","10.1111/ele.14111","2022","0","2","0.00","0.00","0.89"
"ALLEN ML, 2022, GLOB ECOL CONSERV","10.1016/j.gecco.2022.e02300","2022","0","4","0.00","0.00","1.77"
"DERTIEN JS, 2022, GLOB ECOL CONSERV","10.1016/j.gecco.2022.e02200","2022","0","0","","0.00","0.00"
"PARREN MK, 2022, ECOSPHERE","10.1002/ecs2.4258","2022","0","0","","0.00","0.00"
"SIFFERT O, 2022, DIVERSITY-BASEL","10.3390/d14100834","2022","0","2","0.00","0.00","0.89"
"SOCOLAR JB, 2022, ECOL EVOL","10.1002/ece3.9328","2022","0","2","0.00","0.00","0.89"
"YADAV RK, 2022, ECOL EVOL","10.1002/ece3.9425","2022","0","2","0.00","0.00","0.89"
"BARATA IM, 2022, ORYX","10.1017/S0030605321001034","2022","0","0","","0.00","0.00"
"DA COSTA CF, 2022, FRONT ECOL EVOL","10.3389/fevo.2022.937139","2022","0","0","","0.00","0.00"
"BERSACOLA E, 2022, LANDSCAPE ECOL","10.1007/s10980-022-01524-7","2022","0","0","","0.00","0.00"
"BARIBEAU A, 2022, WILDLIFE BIOL","10.1002/wlb3.01049","2022","0","0","","0.00","0.00"
"CLOYED CS, 2022, MAR ECOL PROG SER","10.3354/meps14116","2022","0","1","0.00","0.00","0.44"
"MIMNAGH N, 2022, ENVIRON ECOL STAT","10.1007/s10651-022-00542-7","2022","0","0","","0.00","0.00"
"MILLER RA, 2022, J RAPTOR RES","10.3356/JRR-21-19","2022","0","1","0.00","0.00","0.44"
"RAHLIN AA, 2022, ECOSPHERE","10.1002/ecs2.4232","2022","0","1","0.00","0.00","0.44"
"WONG ST, 2022, ECOL EVOL","10.1002/ece3.9337","2022","0","0","","0.00","0.00"
"EYSTER HN, 2022, ECOGRAPHY","10.1111/ecog.06240","2022","0","1","0.00","0.00","0.44"
"ROMANO A, 2022, LANDSCAPE ECOL","10.1007/s10980-022-01517-6","2022","0","3","0.00","0.00","1.33"
"JHA A, 2022, ECOL MODEL","10.1016/j.ecolmodel.2022.110105","2022","0","6","0.00","0.00","2.66"
"FARR MT, 2022, CONSERV BIOL","10.1111/cobi.13934","2022","0","1","0.00","0.00","0.44"
"CHADWICK A, 2022, ESTUAR COAST SHELF S","10.1016/j.ecss.2022.108025","2022","0","2","0.00","0.00","0.89"
"HEWITT MO, 2022, J WILDLIFE MANAGE","10.1002/jwmg.22303","2022","0","0","","0.00","0.00"
"ANDRADE-PONCE GP, 2022, J ZOOL","10.1111/jzo.13002","2022","0","1","0.00","0.00","0.44"
"WOOSTER EIF, 2022, OIKOS","10.1111/oik.09059","2022","0","2","0.00","0.00","0.89"
"GURNEY KEB, 2022, FRESHWATER BIOL","10.1111/fwb.13978","2022","0","0","","0.00","0.00"
"FOSTER NJ, 2022, LANDSCAPE ECOL","10.1007/s10980-022-01496-8","2022","0","0","","0.00","0.00"
"WEISKOPF SR, 2022, DIVERS DISTRIB","10.1111/ddi.13620","2022","0","2","0.00","0.00","0.89"
"MORI E, 2022, URBAN ECOSYST","10.1007/s11252-022-01264-1","2022","0","0","","0.00","0.00"
"GRABOW M, 2022, FRONT ECOL EVOL","10.3389/fevo.2022.881247","2022","0","3","0.00","0.00","1.33"
"COOK JD, 2022, J WILDLIFE MANAGE","10.1002/jwmg.22296","2022","0","0","","0.00","0.00"
"FOGARTY FA, 2022, ECOL APPL","10.1002/eap.2698","2022","0","0","","0.00","0.00"
"CURVEIRA-SANTOS G, 2022, ECOL EVOL","10.1002/ece3.9239","2022","0","0","","0.00","0.00"
"FALASCHI M, 2022, ANIMALS-BASEL","10.3390/ani12162085","2022","0","1","0.00","0.00","0.44"
"JIMÉNEZ J, 2022, ECOL EVOL","10.1002/ece3.9250","2022","0","5","0.00","0.00","2.22"
"RURIK AJ, 2022, DIVERSITY-BASEL","10.3390/d14080655","2022","0","0","","0.00","0.00"
"SUN P, 2022, MAMM BIOL","10.1007/s42991-022-00289-5","2022","0","2","0.00","0.00","0.89"
"DRAKE J, 2022, J ANIM ECOL","10.1111/1365-2656.13783","2022","0","1","0.00","0.00","0.44"
"CARDADOR L, 2022, DIVERS DISTRIB","10.1111/ddi.13591","2022","0","2","0.00","0.00","0.89"
"MAHAJAN P, 2022, FRONT ECOL EVOL","10.3389/fevo.2022.855084","2022","0","0","","0.00","0.00"
"GOLDSTEIN BR, 2022, SCI REP-UK","10.1038/s41598-022-16368-z","2022","0","5","0.00","0.00","2.22"
"STEVENS BS, 2022, GLOB ECOL CONSERV","10.1016/j.gecco.2022.e02222","2022","0","0","","0.00","0.00"
"SEMPER-PASCUAL A, 2022, P ROY SOC B-BIOL SCI","10.1098/rspb.2022.0457","2022","0","2","0.00","0.00","0.89"
"DENOËL M, 2022, BIOL INVASIONS","10.1007/s10530-022-02849-9","2022","0","2","0.00","0.00","0.89"
"MOLLENHAUER R, 2022, DIVERS DISTRIB","10.1111/ddi.13595","2022","0","0","","0.00","0.00"
"DE OLIVEIRA AD, 2022, AUSTRAL ECOL","10.1111/aec.13216","2022","0","0","","0.00","0.00"
"MORIN DJ, 2022, ECOL EVOL","10.1002/ece3.9074","2022","0","4","0.00","0.00","1.77"
"RODGER AW, 2022, FISHERIES MANAG ECOL","10.1111/fme.12580","2022","0","0","","0.00","0.00"
"STIEN J, 2022, ECOL SOLUT EVID","10.1002/2688-8319.12170","2022","0","0","","0.00","0.00"
"HUBBARD T, 2022, BIODIVERS CONSERV","10.1007/s10531-022-02445-2","2022","0","3","0.00","0.00","1.33"
"GOULD PR, 2022, J WILDLIFE MANAGE","10.1002/jwmg.22282","2022","0","1","0.00","0.00","0.44"
"SALVATORI M, 2022, ECOL APPL","10.1002/eap.2644","2022","0","7","0.00","0.00","3.11"
"BROEKHUIS F, 2022, DIVERS DISTRIB","10.1111/ddi.13554","2022","0","2","0.00","0.00","0.89"
"OMEYER LCM, 2022, FRONT MAR SCI","10.3389/fmars.2022.817014","2022","0","4","0.00","0.00","1.77"
"PARDO JM, 2022, BIOL CONSERV","10.1016/j.biocon.2022.109600","2022","0","1","0.00","0.00","0.44"
"PATTON PT, 2022, BIOL INVASIONS","10.1007/s10530-022-02825-3","2022","0","0","","0.00","0.00"
"RAMSEY DSL, 2022, J WILDLIFE MANAGE","10.1002/jwmg.22252","2022","0","0","","0.00","0.00"
"BARNICK KA, 2022, CONSERV SCI PRACT","10.1111/csp2.12708","2022","0","3","0.00","0.00","1.33"
"KACHEL S, 2022, BIOL CONSERV","10.1016/j.biocon.2022.109588","2022","0","0","","0.00","0.00"
"VALENTE JJ, 2022, BIOL CONSERV","10.1016/j.biocon.2022.109568","2022","0","8","0.00","0.00","3.55"
"CHARBONNEL A, 2022, BIOL CONSERV","10.1016/j.biocon.2022.109567","2022","0","0","","0.00","0.00"
"LEE MB, 2022, FRONT ECOL EVOL","10.3389/fevo.2022.859199","2022","0","3","0.00","0.00","1.33"
"DYCK MA, 2022, ECOL EVOL","10.1002/ece3.8921","2022","0","1","0.00","0.00","0.44"
"SAUER EL, 2022, URBAN ECOSYST","10.1007/s11252-022-01239-2","2022","0","6","0.00","0.00","2.66"
"LATIF QS, 2022, ECOL APPL","10.1002/eap.2555","2022","0","1","0.00","0.00","0.44"
"COLE JS, 2022, ORNITHOL APPL","10.1093/ornithapp/duac003","2022","0","8","0.00","0.00","3.55"
"CONTRERAS-DÍAZ RG, 2022, J MAMMAL","10.1093/jmammal/gyab152","2022","0","1","0.00","0.00","0.44"
"LAMOTHE KA, 2022, ECOL FRESHW FISH","10.1111/eff.12652","2022","0","0","","0.00","0.00"
"FERNANDEZ-LÓPEZ J, 2022, ECOGRAPHY","10.1111/ecog.06113","2022","0","7","0.00","0.00","3.11"
"WEBB EB, 2022, J WILDLIFE MANAGE","10.1002/jwmg.22205","2022","0","1","0.00","0.00","0.44"
"JI YQ, 2022, NAT COMMUN","10.1038/s41467-022-28778-8","2022","0","6","0.00","0.00","2.66"
"VAN DEN BURG MP, 2022, BIOTROPICA","10.1111/btp.13087","2022","0","1","0.00","0.00","0.44"
"AUSBAND DE, 2022, J MAMMAL","10.1093/jmammal/gyab166","2022","0","0","","0.00","0.00"
"HOSSACK BR, 2022, GLOB ECOL CONSERV","10.1016/j.gecco.2022.e02078","2022","0","5","0.00","0.00","2.22"
"PAUDEL RP, 2022, ECOL EVOL","10.1002/ece3.8699","2022","0","6","0.00","0.00","2.66"
"PADILLA BJ, 2022, LANDSCAPE ECOL","10.1007/s10980-022-01422-y","2022","0","0","","0.00","0.00"
"HUNTSMAN BM, 2022, CAN J FISH AQUAT SCI","10.1139/cjfas-2021-0210","2022","0","1","0.00","0.00","0.44"
"JORGE MH, 2022, LANDSCAPE ECOL","10.1007/s10980-022-01399-8","2022","0","4","0.00","0.00","1.77"
"METTLER AJ, 2022, J APPL ICHTHYOL","10.1111/jai.14302","2022","0","0","","0.00","0.00"
"SHARIEF A, 2022, WILDLIFE BIOL","10.1002/wlb3.01013","2022","0","3","0.00","0.00","1.33"
"THOMPSON FR, 2022, J WILDLIFE MANAGE","10.1002/jwmg.22170","2022","0","2","0.00","0.00","0.89"
"ASAD S, 2022, J TROP ECOL","10.1017/S0266467421000468","2022","0","2","0.00","0.00","0.89"
"VALLECILLO D, 2022, PLOS ONE","10.1371/journal.pone.0265730","2022","0","1","0.00","0.00","0.44"
"PENJOR U, 2022, J APPL ECOL","10.1111/1365-2664.14101","2022","0","4","0.00","0.00","1.77"
"VAN DER WEYDE LK, 2022, WILDLIFE RES","10.1071/WR21048","2022","0","1","0.00","0.00","0.44"
"CREMONESI G, 2022, ANIM CONSERV","10.1111/acv.12759","2022","0","2","0.00","0.00","0.89"
"NEUBAUER G, 2022, ORNITHOL APPL","10.1093/ornithapp/duab054","2022","0","2","0.00","0.00","0.89"
"ARIAS LNC, 2022, ECOL APPL","10.1002/eap.2481","2022","0","4","0.00","0.00","1.77"
"MARTÍNEZ JZI, 2022, ECOL APPL","10.1002/eap.2482","2022","0","4","0.00","0.00","1.77"
"PILLAY R, 2022, CONSERV BIOL","10.1111/cobi.13832","2022","0","5","0.00","0.00","2.22"
"HAMER AJ, 2022, HYDROBIOLOGIA","10.1007/s10750-021-04716-5","2022","0","2","0.00","0.00","0.89"
"CORRAL L, 2022, LANDSCAPE ECOL","10.1007/s10980-021-01350-3","2022","0","2","0.00","0.00","0.89"
"CABODEVILLA X, 2022, AGR ECOSYST ENVIRON","10.1016/j.agee.2021.107701","2022","0","6","0.00","0.00","2.66"
"CROOSE E, 2022, MAMMAL RES","10.1007/s13364-021-00598-z","2022","0","3","0.00","0.00","1.33"
"CONTRERAS F, 2022, SCI TOTAL ENVIRON","10.1016/j.scitotenv.2021.150301","2022","0","2","0.00","0.00","0.89"
"HAMER AJ, 2022, URBAN ECOSYST","10.1007/s11252-021-01162-y","2022","0","2","0.00","0.00","0.89"
"FURNAS BJ, 2022, DIVERS DISTRIB","10.1111/ddi.13374","2022","0","13","0.00","0.00","5.77"
"RAMESH V, 2022, ECOGRAPHY","10.1111/ecog.06075","2022","0","1","0.00","0.00","0.44"
"MOWRY S, 2023, URBAN ECOSYST","10.1007/s11252-022-01318-4","2023","0","0","","","0.00"
"SANDERCOCK BK, 2023, BIOL INVASIONS","10.1007/s10530-022-02957-6","2023","0","1","0.00","","1.50"
"ROSE JP, 2023, WILDLIFE RES","10.1071/WR22029","2023","0","1","0.00","","1.50"