"Authors","Articles","Articles Fractionalized"
"ROYLE JA","18","4.47"
"ZIPKIN EF","13","3.13"
"KERY M","11","2.88"
"FURNAS BJ","10","4.20"
"MILLER DAW","10","1.78"
"NICHOLS JD","10","2.24"
"HINES JE","9","1.75"
"MACDONALD DW","8","1.53"
"MACKENZIE DI","8","1.93"
"MCSHEA WJ","8","1.54"
"BAILEY LL","7","1.64"
"GARDNER B","7","1.49"
"ROTA CT","7","1.26"
"SUTHERLAND C","7","1.92"
"BELANT JL","6","1.20"
"BLED F","6","1.50"
"COLLAZO JA","6","1.75"
"FICETOLA GF","6","0.81"
"GRANT EHC","6","1.34"
"KELLY MJ","6","1.00"
"LEE MB","6","2.23"
"SCHMIDT JH","6","1.57"
"SOLLMANN R","6","0.92"
"WADDLE JH","6","1.59"
"ALTWEGG R","5","1.92"
"CALVO JF","5","1.07"
"FALASCHI M","5","0.75"
"FLETCHER RJ","5","1.03"
"HOSSACK BR","5","1.59"
"KROLL AJ","5","1.19"
"LATIF QS","5","1.15"
"LUKACS PM","5","1.43"
"MILLSPAUGH JJ","5","0.68"
"NIELSEN CK","5","1.20"
"POPESCU VD","5","0.84"
"RICH LN","5","0.77"
"ROLOFF GJ","5","1.53"
"ROVERO F","5","1.00"
"SIEGEL RB","5","1.06"
"THOMPSON FR","5","1.50"
"WILTING A","5","0.57"
"BALDWIN RF","4","1.25"
"BETTS MG","4","1.58"
"BEYER DE","4","0.64"
"BRASHARES JS","4","0.92"
"BROEKHUIS F","4","0.76"
"CARBONE C","4","0.58"
"CHANDLER RB","4","0.81"
"COHEN JB","4","0.75"
"COSTA A","4","1.20"
"DREITZ VJ","4","1.28"
"FARRIS ZJ","4","0.60"
"FISHER JT","4","1.42"
"FLEISHMAN E","4","1.09"
"FORRESTER TD","4","0.64"
"GOIJMAN AP","4","0.75"
"HAMER AJ","4","2.53"
"HOMYACK JA","4","1.00"
"IRVINE KM","4","0.83"
"JIMENEZ J","4","0.67"
"JIMENEZ-FRANCO MV","4","0.82"
"KAYS RW","4","0.56"
"KELLNER KF","4","0.68"
"MANENTI R","4","0.50"
"MAZEROLLE MJ","4","0.92"
"MCCLEERY RA","4","0.78"
"MORTELLITI A","4","1.84"
"MUTHS E","4","0.78"
"PARSONS AW","4","0.56"
"PENJOR U","4","1.03"
"PETERMAN WE","4","1.03"
"PRIOTTO JW","4","0.90"
"ROBINSON HS","4","0.62"
"RODHOUSE TJ","4","0.68"
"ROWCLIFFE JM","4","0.63"
"SALVIDIO S","4","1.20"
"SCHAUBER EM","4","1.00"
"SCHMIDT BR","4","1.25"
"SEMPER-PASCUAL A","4","0.44"
"SILLETT TS","4","0.74"
"STEVENS BS","4","1.36"
"SWIHART RK","4","1.53"
"ABRAMS JF","3","0.39"
"AHUMADA JA","3","0.53"
"AMUNDSON CL","3","0.78"
"BARATA IM","3","0.54"
"BLOMBERG EJ","3","0.87"
"BRANDT LA","3","0.42"
"BREININGER DR","3","0.50"
"BRODIE JF","3","1.13"
"CODA JA","3","0.57"
"COLE JS","3","0.56"
"COLLEN B","3","0.43"
"CONWAY CJ","3","1.11"
"DECARRE J","3","0.39"
"DOWNS CT","3","1.00"
"DUGGER KM","3","0.73"
"FARR MT","3","0.78"
"FERRAZ G","3","0.69"
"FERREGUETTI AC","3","0.75"
"FORSYTH DM","3","0.63"
"FRAIR JL","3","0.55"
"GIOVANINI J","3","0.53"
"GOMEZ MD","3","0.70"
"GREEN AM","3","0.69"
"GUHARAJAN R","3","0.28"
"GUTIERREZ RJ","3","0.95"
"HART KM","3","0.35"
"HAUGAASEN T","3","0.56"
"HELLGREN EC","3","0.75"
"HOOTEN MB","3","0.75"
"HUNTER LTB","3","0.62"
"IOSIF R","3","0.53"
"ISAAC NJB","3","0.36"
"IVAN JS","3","0.78"
"JANOUSEK WM","3","0.81"
"JONES JE","3","0.53"
"KARPANTY SM","3","0.58"
"KING DI","3","1.17"
"KISSING J","3","0.30"
"KLEIN R","3","0.56"
"KUEMMERLE T","3","0.39"
"LAMICHHANE BR","3","0.45"
"LESMEISTER DB","3","0.75"
"LINDBERG MS","3","0.70"
"LINDEN DW","3","1.00"
"LO PARRINO E","3","0.30"
"MADHUSUDAN MD","3","0.59"
"MAJOR RE","3","0.57"
"MARRA PP","3","0.79"
"MAZZOTTI FJ","3","0.42"
"MOLL RJ","3","0.64"
"MONTGOMERY RA","3","0.43"
"MURARO M","3","0.30"
"NICHOLSON E","3","0.35"
"O'RIAIN MJ","3","1.17"
"OBEROSLER V","3","0.70"
"PACIFICI K","3","0.67"
"PAVLACKY DC","3","0.78"
"PELLET J","3","1.67"
"PETERSON JT","3","0.74"
"PETRACCA LS","3","0.39"
"PILLAY R","3","0.59"
"PORTER WF","3","1.00"
"RAMESH T","3","1.00"
"RAMSEY DSL","3","0.63"
"SANTOS-REIS M","3","0.67"
"SAUER JR","3","0.87"
"SEMLITSCH RD","3","0.87"
"SERAFINI VN","3","0.70"
"SHEA CP","3","0.87"
"SIGAFUS BH","3","0.34"
"SOVIE AR","3","0.71"
"STEENWEG R","3","0.54"
"STOLEN ED","3","0.50"
"TENAN S","3","0.67"
"THAPA K","3","0.21"
"TINGLEY MW","3","0.58"
"TRUEX RL","3","0.70"
"VAN DER WEYDE LK","3","0.56"
"VAN STRIEN AJ","3","0.64"
"WALLS SC","3","0.64"
"WECKERLY FW","3","1.33"
"WILLSON JD","3","0.75"
"WILTON CM","3","0.44"
"WONG ST","3","0.24"
"YAMAURA Y","3","0.67"
"ACHARYA KP","2","0.29"
"ADAMS MJ","2","0.34"
"AHMAD B","2","0.28"
"ALLEN ML","2","0.44"
"ALTMAN B","2","0.40"
"ANDREWS LS","2","0.67"
"ANDRIANJAKARIVELO V","2","0.31"
"ANTHONY RG","2","0.67"
"ARNETT EB","2","0.40"
"ARROYO B","2","0.40"
"ASAD S","2","0.38"
"BAJARU SB","2","0.50"
"BALANGTAA C","2","0.42"
"BALME GA","2","0.31"
"BARICHIVICH WJ","2","0.31"
"BARRETT K","2","0.75"
"BARZAGHI B","2","0.20"
"BAUMANN M","2","0.29"
"BAUMGARDT JA","2","0.58"
"BAYLY NJ","2","0.46"
"BEAUDROT L","2","0.20"
"BEDWARD M","2","0.50"
"BEISSINGER SR","2","0.36"
"BERGALLO HG","2","0.42"
"BERGAMINI A","2","0.50"
"BERNARD H","2","0.29"
"BESNARD A","2","0.37"
"BETTOLI PW","2","0.53"
"BISCHOF R","2","0.25"
"BISHOP AA","2","0.40"
"BISI F","2","0.19"
"BLEISCH WV","2","0.67"
"BOHNETT ET","2","0.28"
"BOTSCH Y","2","0.50"
"BRADSTOCK RA","2","0.50"
"BRANCH LC","2","0.50"
"BREHME CS","2","0.33"
"BREWER SK","2","0.75"
"BROWN ME","2","0.31"
"BUEHLER DA","2","0.67"
"BURTON AC","2","0.42"
"CABODEVILLA X","2","0.40"
"CALLAS RL","2","0.75"
"CAMINO M","2","0.29"
"CAMPBELL TA","2","0.42"
"CARROLL JP","2","0.67"
"CARTER N","2","0.53"
"CEPEK JD","2","0.31"
"CHERKISS MS","2","0.22"
"CHIARELLO AG","2","0.31"
"CHRISTENSEN SA","2","0.58"
"CLARK AE","2","0.83"
"COATES PS","2","0.38"
"CONROY MJ","2","0.42"
"CONTRERAS F","2","0.37"
"CONZE KJ","2","0.11"
"COOPER RJ","2","0.45"
"CORRALES-GUTIERREZ D","2","0.22"
"COVE MV","2","0.25"
"CRAWFORD JA","2","0.58"
"CREMONESI G","2","0.19"
"CRUZ P","2","0.11"
"CURVEIRA-SANTOS G","2","0.42"
"CUSHMAN SA","2","0.45"
"DAIL D","2","1.00"
"DAVIES HF","2","0.22"
"DAVIS CL","2","0.21"
"DE PINHO FF","2","0.27"
"DE VALPINE P","2","0.75"
"DELLE MONACHE D","2","0.30"
"DELUCA WV","2","0.83"
"DENNIS PM","2","0.31"
"DI BITETTI MS","2","0.11"
"DICKMAN AJ","2","0.34"
"DICKSON BG","2","0.27"
"DORAZIO RM","2","0.75"
"DUARTE A","2","0.34"
"EDWARDS DP","2","0.31"
"ELLIOT NB","2","0.24"
"FARRIS SC","2","0.31"
"FAULKNER SP","2","0.67"
"FERREIRA GB","2","0.27"
"FERRERAS P","2","0.40"
"FIRTH RSC","2","0.22"
"FISHER RN","2","0.33"
"FISHER S","2","0.38"
"FOGARTY FA","2","0.70"
"FONSECA CR","2","0.33"
"FONTAINE JJ","2","0.40"
"FOURNIER V","2","0.50"
"FRANKLIN MJM","2","0.50"
"FYUMAGWA R","2","0.33"
"GAFFI L","2","0.19"
"GAGLIARDI A","2","0.19"
"GALLO T","2","0.39"
"GALVEZ N","2","0.28"
"GANN SL","2","0.25"
"GE JP","2","0.27"
"GEYLE HM","2","0.22"
"GIBERTINI C","2","0.24"
"GIELEN MC","2","0.22"
"GILBERT AT","2","0.28"
"GILROY JJ","2","0.31"
"GIMENEZ O","2","0.40"
"GIORDANO AJ","2","0.63"
"GOLDBERG CS","2","0.57"
"GOLDSTEIN BR","2","0.83"
"GOMEZ-VALENCIA B","2","0.29"
"GOPALASWAMY AM","2","0.36"
"GOVINDAN BN","2","0.83"
"GRAVES TA","2","0.23"
"GREEN AW","2","0.58"
"GUZY JC","2","0.42"
"HACKETT CE","2","0.31"
"HAGEN CA","2","0.75"
"HALLORAN KM","2","0.42"
"HALSTEAD BJ","2","0.43"
"HANDEL CM","2","0.53"
"HARMSEN BJ","2","0.09"
"HARRIS NC","2","0.83"
"HEBBLEWHITE M","2","0.38"
"HENSCHEL P","2","0.37"
"HILEMAN ET","2","0.29"
"HILL JM","2","1.00"
"HOCHACHKA WM","2","0.33"
"HOCTOR T","2","0.28"
"HOFMEESTER TR","2","0.64"
"HOLLAND AM","2","0.50"
"HOLLOWAY-ADKINS KG","2","0.25"
"HULSE D","2","0.28"
"HUNTSMAN BM","2","0.44"
"HURTADO-ASTAIZA J","2","0.40"
"IMS RA","2","0.58"
"JACHOWSKI DS","2","0.58"
"JACKSON CR","2","0.23"
"JANSEN PA","2","0.14"
"JENNI L","2","0.50"
"JNAWALI SR","2","0.17"
"JOHNSINGH AJT","2","0.39"
"JOHNSON DS","2","0.50"
"JOHNSON M","2","0.31"
"JOSHI AA","2","0.34"
"JUBILI J","2","0.15"
"KALIES EL","2","0.63"
"KANNO Y","2","0.44"
"KARANTH KU","2","0.75"
"KASZTA Z","2","0.45"
"KNUTSON MG","2","0.70"
"KOCH JC","2","0.34"
"KRAMER-SCHADT S","2","0.16"
"LAGAN P","2","0.21"
"LAMBIN X","2","0.67"
"LEASURE DR","2","1.08"
"LEGARE SA","2","0.25"
"LEON-ORTEGA M","2","0.42"
"LETCHER BH","2","0.44"
"LEU M","2","0.39"
"LI XY","2","0.67"
"LIETZ R","2","0.15"
"LINDENMAYER DB","2","0.64"
"LINK WA","2","0.70"
"LITT AR","2","0.50"
"LOFFLAND HL","2","0.23"
"LOMBARDI JV","2","0.42"
"LORCH PD","2","0.31"
"LOUVRIER JLP","2","0.26"
"LUTHER DA","2","0.42"
"LYET A","2","0.37"
"MADSEN EK","2","0.63"
"MADSEN L","2","1.00"
"MANLEY PN","2","0.39"
"MARTIN JA","2","0.63"
"MARTINOLI A","2","0.19"
"MASOZERA MK","2","0.39"
"MBISANA C","2","0.53"
"MCCAFFERY R","2","0.83"
"MCCARTHY MA","2","0.24"
"MCCREARY B","2","0.34"
"MCGRANN MC","2","1.00"
"MCNUTT JW","2","0.22"
"MEYER NFV","2","0.29"
"MICHEL NL","2","0.36"
"MILLS DR","2","0.42"
"MISHRA C","2","0.29"
"MOHAMED A","2","0.17"
"MOLLENHAUER R","2","0.75"
"MONADJEM A","2","0.40"
"MONROE AP","2","0.38"
"MONTERROSO P","2","0.40"
"MOORE JF","2","0.39"
"MORAL RA","2","0.45"
"MORDECAI RS","2","0.45"
"MORENO R","2","0.29"
"MOSHER BA","2","0.45"
"MULINDAHABI F","2","0.39"
"MURPHY AJ","2","0.31"
"MURPHY BP","2","0.22"
"MWAMPETA SB","2","0.33"
"NEUBAUER G","2","0.75"
"NIEDBALLA J","2","0.17"
"NOWAK JJ","2","0.67"
"O'BRIEN T","2","0.38"
"O'BRYAN CJ","2","0.50"
"O'CONNELL AF","2","0.28"
"O'DONNELL KM","2","0.67"
"O'NEIL ST","2","0.33"
"OBER HK","2","0.42"
"ODDY DM","2","0.25"
"OJA E","2","0.32"
"OLDEN JD","2","0.42"
"OLIVA-PATERNA FJ","2","0.45"
"OLIVEIRA MJR","2","0.27"
"ORMSBEE PC","2","0.33"
"PAVIOLO A","2","0.11"
"PEARL CA","2","0.34"
"PEJCHAR L","2","0.50"
"PEREIRA-RIBEIRO J","2","0.42"
"PETROELJE TR","2","0.28"
"PETRUS A","2","0.15"
"POTOKA KM","2","0.53"
"PREATONI DG","2","0.19"
"RAGHUNATH R","2","0.39"
"RAMIREZ-CRUZ GA","2","1.25"
"RATELOLAHY F","2","0.39"
"REED RN","2","0.27"
"REICHERT BE","2","0.33"
"RENDALL AR","2","0.37"
"REYNA-HURTADO R","2","0.29"
"RITCHIE EG","2","0.31"
"ROBINSON SK","2","0.50"
"ROBISON T","2","0.31"
"ROCHA CFD","2","0.42"
"RODEL MO","2","0.38"
"ROMANO A","2","0.53"
"RORABAUGH J","2","0.18"
"ROSA G","2","1.20"
"ROTELLA JJ","2","0.40"
"ROTENBERRY JT","2","0.75"
"ROWE JC","2","0.34"
"RUSH SA","2","0.38"
"SAAB VA","2","0.40"
"SALOM-PEREZ R","2","0.22"
"SAM MK","2","0.42"
"SAUNDERS SP","2","0.50"
"SAVINI T","2","0.50"
"SCHAUB M","2","0.58"
"SCHERER RD","2","0.39"
"SCHMERA D","2","0.53"
"SCHMUTZ JA","2","0.40"
"SCHUTTLER SG","2","0.29"
"SEGLUND AE","2","0.45"
"SIKUI J","2","0.38"
"SLOTOW R","2","0.42"
"SMITH JLD","2","0.27"
"SNYMAN A","2","0.19"
"SPARKS RA","2","0.50"
"SURYAWANSHI KR","2","0.29"
"SWANEPOEL LH","2","0.42"
"TALANCY NW","2","0.28"
"TERMAAT T","2","0.39"
"THAPA GJ","2","0.17"
"THOGMARTIN WE","2","1.50"
"THORNTON JE","2","0.50"
"THORSON JT","2","0.36"
"TOBLER MW","2","0.27"
"TYRE AJ","2","0.42"
"VALENTE JJ","2","0.63"
"WAGNER T","2","0.70"
"WANG F","2","0.38"
"WANG TM","2","0.27"
"WAUTERS LA","2","0.19"
"WEBB EB","2","0.39"
"WEGAN MT","2","0.53"
"WEISS SK","2","0.25"
"WENGER SJ","2","0.25"
"WHITE AM","2","0.39"
"WHITTINGTON J","2","0.29"
"WILKERSON RL","2","0.50"
"WILLIAMS DM","2","0.58"
"WIPFLI MS","2","0.34"
"WOINARSKI JCZ","2","0.22"
"WRIGHT AD","2","0.40"
"WRIGHT WJ","2","0.50"
"YACKULIC CB","2","0.42"
"YOCCOZ NG","2","0.29"
"ZAMORA-LOPEZ A","2","0.45"
"ZAMORA-MARIN JM","2","0.45"
"ZAW T","2","0.19"
"ZOU FS","2","0.53"
"ZUCKERBERG B","2","0.50"
"ABELLAN P","1","0.17"
"ABIDIN TR","1","0.11"
"ABU BAKAR MS","1","0.11"
"ACEVEDO P","1","0.25"
"ACHARYA BP","1","0.08"
"ADAMS AAY","1","0.14"
"ADAMS LG","1","0.25"
"ADAMS T","1","0.02"
"ADDISON L","1","0.11"
"AGUZZI S","1","0.25"
"AHLERS AA","1","0.17"
"AHMAD T","1","0.10"
"AHMED MF","1","0.20"
"AKAMPURIRA E","1","0.05"
"AKKAWI P","1","0.25"
"AKRE TA","1","0.17"
"AKRIM F","1","0.10"
"ALAKOSKI R","1","0.25"
"ALANIZ AJ","1","0.13"
"ALCOVERRO T","1","0.20"
"ALDRIDGE CA","1","0.25"
"ALDRIDGE CL","1","0.25"
"ALEN LH","1","0.07"
"ALEXANDER BW","1","0.50"
"ALEXSANDER JS","1","0.14"
"ALI H","1","0.20"
"ALI MW","1","0.10"
"ALLENDER MC","1","0.14"
"ALMBERG ES","1","0.25"
"ALVAREZ-LOAYZA P","1","0.07"
"ALVES F","1","0.17"
"ALVES PC","1","0.20"
"AMAN J","1","0.25"
"AMBU L","1","0.13"
"AMBURGEY SM","1","0.13"
"AMELON SK","1","0.25"
"AMGALANBAATAR S","1","0.20"
"AMIR Z","1","0.33"
"AMRHEIN V","1","0.50"
"ANADON JD","1","0.17"
"ANCILLOTTO L","1","0.20"
"ANDERSEN AN","1","0.11"
"ANDERSEN DE","1","0.33"
"ANDERSEN EM","1","0.50"
"ANDERSON J","1","0.13"
"ANDERSON K","1","0.33"
"ANDERSON TL","1","0.20"
"ANDRADE-PONCE GP","1","0.14"
"ANDREN H","1","0.14"
"ANDREONE F","1","0.06"
"ANDRES BA","1","0.11"
"ANDRETTI CB","1","0.11"
"ANH NQH","1","0.17"
"ANNAND EM","1","0.11"
"ANTONGIOVANNI M","1","0.20"
"APPLEGATE RD","1","0.17"
"APTE D","1","0.17"
"AQUINO J","1","0.07"
"ARAGON S","1","0.33"
"ARASUMANI M","1","0.17"
"ARAYA-GAMBOA D","1","0.17"
"ARES-PEREIRA G","1","0.13"
"ARIAS LNC","1","0.33"
"ARIEFIANDY A","1","0.20"
"ARMENTERAS D","1","0.25"
"ARTHUR R","1","0.20"
"ARYAL A","1","0.20"
"ASBECK T","1","0.20"
"ASCENSAO F","1","0.25"
"ASHE E","1","0.11"
"ASTARAS C","1","0.20"
"ASTROM J","1","0.10"
"AUGUGLIARO C","1","0.20"
"AUNG Z","1","0.08"
"AUSBAND DE","1","0.50"
"AUTHIER M","1","0.11"
"AWAN MN","1","0.10"
"AYALA G","1","0.13"
"AZIZ R","1","0.10"
"BAGNALL KE","1","0.14"
"BAI LZ","1","0.13"
"BAILEY AM","1","0.25"
"BAKER CCM","1","0.06"
"BAKER-WHATTON MC","1","0.13"
"BAL G","1","0.06"
"BALAGUERA-REINA SA","1","0.33"
"BALCHIN GP","1","0.06"
"BALDWIN J","1","0.14"
"BALKENHOL N","1","0.20"
"BALL-DAMEROW JE","1","0.25"
"BANCILA RI","1","0.25"
"BANI L","1","0.25"
"BANKS WT","1","0.25"
"BANNER KM","1","0.17"
"BAR DAVID S","1","0.17"
"BARAO-NOBREGA JAL","1","0.33"
"BARIBEAU A","1","0.33"
"BARIK S","1","0.33"
"BARNAS GR","1","0.20"
"BARNETT J","1","0.17"
"BARNHART PD","1","0.14"
"BARNICK KA","1","0.25"
"BARRETO E","1","0.25"
"BARROS Y","1","0.07"
"BARROWS C","1","0.25"
"BARTA B","1","0.20"
"BARTON CD","1","0.20"
"BARTON DC","1","0.20"
"BARTOSZEK IA","1","0.14"
"BARTZ KK","1","0.20"
"BASHYAL A","1","0.14"
"BASILE M","1","0.20"
"BATA MN","1","0.20"
"BAUDER JM","1","0.25"
"BAUER D","1","0.02"
"BAUMANN K","1","0.05"
"BAUMANN P","1","0.17"
"BEASLEY EM","1","0.50"
"BECHET A","1","0.20"
"BEDOYA-DURAN MJ","1","0.33"
"BEDRINANA-ROMANO L","1","0.11"
"BEGUM RH","1","0.20"
"BEIER P","1","0.17"
"BEILKE S","1","0.33"
"BEJRABURNIN T","1","0.17"
"BEKKER DL","1","0.25"
"BELISLE M","1","0.25"
"BELL CM","1","0.06"
"BELLIER E","1","0.33"
"BELLINGHAM PJ","1","0.09"
"BELLUARDO F","1","0.10"
"BENCE JR","1","0.25"
"BENITEZ-MALVIDO J","1","0.20"
"BENKEN T","1","0.05"
"BENNETT RE","1","0.13"
"BENNITT E","1","0.02"
"BENOIT D","1","0.33"
"BENSON TJ","1","0.17"
"BERBERICH ME","1","0.20"
"BERG A","1","0.14"
"BERNARDOS JN","1","0.25"
"BERNEY C","1","0.17"
"BERSACOLA E","1","0.25"
"BERTHIER K","1","0.14"
"BERTRAM MR","1","0.20"
"BEYTELL PC","1","0.17"
"BEZERRA D","1","0.20"
"BHATNAGAR YV","1","0.14"
"BHATTA SR","1","0.08"
"BHATTARAI N","1","0.17"
"BHATTARAI S","1","0.14"
"BICCA-MARQUES JC","1","0.33"
"BIJACK NJC","1","0.07"
"BINO G","1","0.17"
"BISSONETTE JA","1","0.25"
"BISTA D","1","0.09"
"BITARIHO R","1","0.05"
"BITSINDOU A","1","0.06"
"BITTNER T","1","0.05"
"BJELKE U","1","0.06"
"BJORK R","1","0.08"
"BLAALID R","1","0.10"
"BLACKBURN JK","1","0.25"
"BLACKMAN RC","1","0.11"
"BLAKESLEY JA","1","0.20"
"BLAKEY RV","1","0.14"
"BLANC F","1","0.20"
"BLANC L","1","0.20"
"BLANCO CM","1","0.50"
"BLANCO-AGUIAR JA","1","0.25"
"BLANGIARDO M","1","0.13"
"BLANK PJ","1","0.20"
"BLASS CR","1","0.25"
"BLENDINGER PG","1","0.10"
"BLOCK WM","1","0.20"
"BLUM AG","1","0.33"
"BLY B","1","0.25"
"BOASE JC","1","0.14"
"BOEHNING-GAESE K","1","0.11"
"BOETTCHER R","1","0.11"
"BOHARA D","1","0.08"
"BOHM SM","1","0.11"
"BOHUS A","1","0.20"
"BOMAN E","1","0.25"
"BONACIC C","1","0.11"
"BONAVIGO PH","1","0.25"
"BOND ML","1","0.50"
"BONN A","1","0.05"
"BONNEAU M","1","0.13"
"BONNER SJ","1","0.20"
"BONNOT TW","1","0.33"
"BONSEL A","1","0.05"
"BONSEN GT","1","0.14"
"BONTER DN","1","0.17"
"BOONE EL","1","0.17"
"BORDAGE D","1","0.17"
"BORKHATARIA RR","1","0.13"
"BORNER K","1","0.09"
"BORON V","1","0.14"
"BORTOLOTTI GR","1","0.50"
"BOTERO-CANOLA S","1","0.17"
"BOUCHARD C","1","0.11"
"BOUFFARD MC","1","0.20"
"BOULEY P","1","0.33"
"BOUROS G","1","0.17"
"BOWER MR","1","0.25"
"BOWLER DE","1","0.05"
"BOWLES M","1","0.02"
"BOYCE MS","1","0.25"
"BRADBURY S","1","0.50"
"BRADKE DR","1","0.14"
"BRADY RS","1","0.20"
"BRASSINE A","1","0.02"
"BRAUD Y","1","0.17"
"BRAWN JD","1","0.17"
"BRECKHEIMER IK","1","0.14"
"BREHERET N","1","0.06"
"BREININGER DJ","1","0.25"
"BREININGER RD","1","0.25"
"BREJAO GL","1","0.25"
"BRENNAN LA","1","0.25"
"BRERETON TM","1","0.14"
"BREWER MJ","1","0.20"
"BRIGGS AS","1","0.14"
"BRIGGS-GONZALEZ V","1","0.11"
"BRINCK KW","1","0.14"
"BRITTAIN S","1","0.20"
"BROADBENT E","1","0.20"
"BRODIE BS","1","0.11"
"BROMMER JE","1","0.25"
"BROOK BW","1","0.09"
"BROSI B","1","0.17"
"BROWN DJ","1","0.17"
"BROWN LR","1","0.11"
"BROWNE L","1","0.20"
"BRUELHEIDE H","1","0.05"
"BRUSA JL","1","0.20"
"BRUSSEE BE","1","0.13"
"BUCKLAND ST","1","0.25"
"BUCKLEY DS","1","0.17"
"BUDY P","1","0.25"
"BUEDI EB","1","0.17"
"BUENDIA C","1","0.14"
"BUISSON L","1","0.20"
"BULLOCK JM","1","0.14"
"BUMP JK","1","0.20"
"BUNN SE","1","0.17"
"BURBACH K","1","0.06"
"BURKHALTER C","1","0.11"
"BURNETT RD","1","0.50"
"BURNS T","1","0.17"
"BUSH CL","1","0.17"
"BUSSO JM","1","0.14"
"BUSTAMANTE J","1","0.25"
"BUXTON AS","1","0.25"
"BUZZARD PJ","1","0.33"
"BYERLY PA","1","0.25"
"CABELLO J","1","0.13"
"CABRERA J","1","0.14"
"CACCIANIGA M","1","0.17"
"CALDERON AP","1","0.05"
"CALDERON-PARRA R","1","0.07"
"CALL EM","1","0.17"
"CAM E","1","0.33"
"CAMERON AD","1","0.25"
"CAMPA H","1","0.17"
"CAMPBELL RD","1","0.13"
"CANDELARIO L","1","0.17"
"CANEDOLI C","1","0.06"
"CANNINGS S","1","0.06"
"CANNON JB","1","0.25"
"CAPUTO B","1","0.13"
"CARAZO-SALAZAR J","1","0.05"
"CARDADOR L","1","0.17"
"CARDENAS JS","1","0.11"
"CARLE RD","1","0.20"
"CARLSON SM","1","0.20"
"CARMICHAEL RH","1","0.20"
"CARRETE M","1","0.17"
"CARRETERO MA","1","0.06"
"CARRILLO-PERCASTEGUI SE","1","0.25"
"CARRILLO-RUBIO E","1","0.14"
"CARROLL CR","1","0.20"
"CARTER SP","1","0.17"
"CARVALHO EAR","1","0.25"
"CASHINS SD","1","0.33"
"CASPER AF","1","0.20"
"CASSEL KW","1","0.20"
"CASTANEDA F","1","0.05"
"CASTANEDA PGD","1","0.11"
"CASTILLO JA","1","0.10"
"CASTLEBERRY SB","1","0.50"
"CASTRO G","1","0.13"
"CATLIN DH","1","0.17"
"CATTERALL CP","1","0.07"
"CAVADA N","1","0.25"
"CAYUELA H","1","0.20"
"CECALA KK","1","0.10"
"CERQUEIRA MC","1","0.11"
"CHABOT EJ","1","0.25"
"CHADWICK A","1","0.17"
"CHAMBERT T","1","0.11"
"CHAMPAGNON J","1","0.11"
"CHAN KMA","1","0.25"
"CHANDLER RE","1","0.17"
"CHANDRA K","1","0.13"
"CHARBONNEL A","1","0.20"
"CHASE M","1","0.02"
"CHAUDHARY R","1","0.25"
"CHAUVET E","1","0.06"
"CHELGREN ND","1","0.08"
"CHEN DJ","1","0.33"
"CHEN GK","1","0.20"
"CHEN MH","1","0.25"
"CHENIER C","1","0.14"
"CHERRY MJ","1","0.25"
"CHESTNUT T","1","0.14"
"CHETKIEWICZ CLB","1","0.14"
"CHIOTTI JA","1","0.14"
"CHIRIAC S","1","0.17"
"CIOCANEA C","1","0.11"
"CIOFI C","1","0.20"
"CLARK DA","1","0.33"
"CLARKE MF","1","0.07"
"CLEMENT MJ","1","0.50"
"CLEMENTS GR","1","0.08"
"CLEO F","1","0.07"
"CLIPP HL","1","0.20"
"CLISBY N","1","0.09"
"CLOYED CS","1","0.20"
"CLUCAS B","1","0.20"
"COBB DT","1","0.25"
"COBOS C","1","0.07"
"COBOS ME","1","0.07"
"CODE S","1","0.25"
"COETSEE AL","1","0.20"
"COGALNICEANU D","1","0.25"
"COHEN MM","1","0.17"
"COHEZ D","1","0.11"
"COHN-HAFT M","1","0.11"
"COLEMAN M","1","0.09"
"COLLINS K","1","0.02"
"COLLINS T","1","0.06"
"COLODRO V","1","0.20"
"COLVIN ME","1","0.25"
"COMBRISSON D","1","0.17"
"COMER CE","1","0.25"
"COMLEY J","1","0.11"
"COMPOSTELLA C","1","0.17"
"COMPTON JA","1","0.11"
"CONNER LM","1","0.25"
"CONNER MM","1","0.25"
"CONTRERAS-DIAZ RG","1","0.07"
"CONWAY WC","1","0.25"
"COOCH EG","1","0.14"
"COOK JD","1","0.25"
"COOK R","1","0.17"
"COOK RN","1","0.20"
"COOKE SJ","1","0.14"
"COOKSLEY SL","1","0.20"
"COON CAC","1","0.20"
"COOP JD","1","0.33"
"COOPER WJ","1","0.25"
"COPE WG","1","0.17"
"COPELAND HE","1","0.11"
"CORCORAN D","1","0.14"
"CORLETT RT","1","0.17"
"CORRAL L","1","0.20"
"COSTA S","1","0.07"
"COSTA TVV","1","0.11"
"COTE SD","1","0.33"
"COULSON T","1","0.14"
"COUTO TBD","1","0.25"
"COUTURIER T","1","0.17"
"COZZI G","1","0.02"
"CRABTREE RL","1","0.11"
"CRAMPTON LH","1","0.14"
"CRAWFORD CL","1","0.11"
"CREGO RD","1","0.14"
"CROMSIGT JPGM","1","0.14"
"CRONE E","1","0.11"
"CROOSE E","1","0.17"
"CROSBY AD","1","0.50"
"CROVETTO F","1","0.33"
"CROWE A","1","0.14"
"CRUICKSHANK SS","1","0.33"
"CRUPI AP","1","0.25"
"CRUZ J","1","0.11"
"CUMMING GS","1","0.50"
"CUNNINGHAM R","1","0.14"
"CURRAN BK","1","0.06"
"CURRAS MR","1","0.25"
"CURTIS PD","1","0.20"
"CUSACK JJ","1","0.14"
"CWYNAR B","1","0.11"
"D'SOUZA E","1","0.20"
"DA COSTA CF","1","0.50"
"DA SILVA VMF","1","0.25"
"DACOSTA KP","1","0.20"
"DAILY GC","1","0.25"
"DANIELSON BJ","1","0.50"
"DAS SK","1","0.20"
"DASKIN JH","1","0.25"
"DATTILO W","1","0.14"
"DAUWALTER DC","1","0.08"
"DAVEY ML","1","0.10"
"DAVIDSON I","1","0.07"
"DAVIES ZG","1","0.17"
"DAVIS R","1","0.17"
"DAVIS RJ","1","0.25"
"DAWSON FN","1","0.14"
"DAWSON J","1","0.14"
"DAWSON RD","1","0.50"
"DAYTON KE","1","0.25"
"DE ANGELO C","1","0.07"
"DE KNIJF G","1","0.06"
"DE LA TORRE JA","1","0.09"
"DE OLIVEIRA AD","1","0.25"
"DE OLIVEIRA TV","1","0.20"
"DE ORNELLAS P","1","0.20"
"DE SOUZA DA","1","0.25"
"DEBOER JA","1","0.20"
"DEBRUYNE RL","1","0.14"
"DECHNER A","1","0.20"
"DECKER S","1","0.14"
"DEEPAK V","1","0.50"
"DEERE NJ","1","0.14"
"DEGAETANO AT","1","0.17"
"DELANEY KS","1","0.13"
"DELEHANTY DJ","1","0.13"
"DELLA TORRE A","1","0.13"
"DEMETRIO CGB","1","0.20"
"DENNIS EB","1","0.14"
"DENOEL M","1","0.11"
"DENSMORE LD","1","0.33"
"DEPERNO CS","1","0.25"
"DEPPE JL","1","0.17"
"DERLINDATI E","1","0.17"
"DERTIEN JS","1","0.50"
"DEVERS PK","1","0.17"
"DEVESON E","1","0.14"
"DEVICTOR V","1","0.20"
"DEWAN A","1","0.33"
"DEWAN K","1","0.08"
"DEXTRASE AJ","1","0.33"
"DEY DK","1","0.25"
"DHANJAL-ADAMS KL","1","0.14"
"DI BLANCO Y","1","0.14"
"DI NICOLA MR","1","0.10"
"DIANA A","1","0.06"
"DIAO YX","1","0.13"
"DIAS DD","1","0.33"
"DIAZ-PANIAGUA C","1","0.25"
"DIAZ-RUIZ F","1","0.20"
"DICKINSON JL","1","0.17"
"DIEFENBACH DR","1","0.50"
"DIEGMANN JS","1","0.14"
"DINSMORE SJ","1","0.33"
"DISTILLER G","1","0.33"
"DLONIAK SM","1","0.11"
"DOBBINS M","1","0.20"
"DOBKIN DS","1","0.14"
"DOBROWSKI SZ","1","0.14"
"DOHERTY TS","1","0.20"
"DOKA SE","1","0.14"
"DOLEV A","1","0.17"
"DOMINGUEZ AFR","1","0.25"
"DONADIO E","1","0.25"
"DONNELLY D","1","0.20"
"DONOVAN TM","1","0.25"
"DOS SANTOS LR","1","0.25"
"DRAKE D","1","0.11"
"DRAKE DAR","1","0.33"
"DRAKE DL","1","0.20"
"DRAKE J","1","0.33"
"DRAKE KL","1","0.33"
"DRAPEAU P","1","0.17"
"DRENSKE S","1","0.09"
"DREW K","1","0.09"
"DREWS A","1","0.05"
"DRI GF","1","0.20"
"DRISCOLL DA","1","0.50"
"DROEGE S","1","0.17"
"DROUILLY M","1","0.33"
"DROUIN R","1","0.14"
"DU PREEZ P","1","0.17"
"DUARTE LD","1","0.20"
"DUBOUR AJ","1","0.20"
"DUCHAC LS","1","0.25"
"DUCKWORTH GD","1","0.50"
"DUCLOS TR","1","0.33"
"DUDLEY JG","1","0.20"
"DUNCAN RP","1","0.09"
"DUNHAM JB","1","0.08"
"DUNNING JB","1","0.20"
"DUPUIS JA","1","0.33"
"DURET C","1","0.11"
"DURSO AM","1","0.33"
"DYBALA KE","1","0.33"
"DYCK MA","1","0.25"
"DYER H","1","0.11"
"EAKIN CJ","1","0.17"
"EAMES JC","1","0.13"
"EASTER T","1","0.33"
"EATON MJ","1","0.33"
"EDELBLUTTE E","1","0.20"
"EICHELBERGER BA","1","0.14"
"EICHENBERG D","1","0.05"
"EIDE NE","1","0.17"
"ELLIOTT-SMITH E","1","0.11"
"ELLIS M","1","0.20"
"ELLIS MM","1","0.20"
"ELSEY EA","1","0.17"
"ELSTON DA","1","0.33"
"EMERSON SA","1","0.25"
"EMMERTON CA","1","0.14"
"ENDRESTOL A","1","0.10"
"ENGILIS A","1","0.33"
"EPPS CW","1","0.10"
"ER KBH","1","0.13"
"ERB B","1","0.17"
"ERICKSON KD","1","0.50"
"ESPINOSA S","1","0.05"
"ESPINOZA-MUNOZ D","1","0.17"
"ESSER HJ","1","0.09"
"ESTEVE MA","1","0.17"
"ESTEVO CA","1","0.17"
"EVANS AL","1","0.20"
"EVANS JM","1","0.25"
"EVENSON JR","1","0.11"
"EWERS RM","1","0.17"
"EYSTER HN","1","0.25"
"FAGAN WF","1","0.33"
"FAISAL MM","1","0.25"
"FALCONER CM","1","0.33"
"FALCONI M","1","0.07"
"FALCY MR","1","0.50"
"FALLON FW","1","0.20"
"FALLON JE","1","0.20"
"FANDJINOU K","1","0.17"
"FARACI F","1","0.10"
"FARHADINIA MS","1","0.04"
"FARIAS-GONZALEZ V","1","0.14"
"FARNSWORTH ML","1","0.14"
"FARRELL S","1","0.20"
"FATTEBERT J","1","0.25"
"FAUST LJ","1","0.14"
"FAY G","1","0.33"
"FEARER T","1","0.17"
"FEDY BC","1","0.11"
"FENG JW","1","0.13"
"FENG LM","1","0.14"
"FENG RN","1","0.14"
"FERNANDEZ-LOPEZ J","1","0.25"
"FERREIRA MAR","1","0.13"
"FESENMYER KA","1","0.08"
"FIDINO M","1","0.20"
"FIELD SA","1","0.17"
"FIGEL JJ","1","0.17"
"FIGURA PJ","1","0.33"
"FILIPPONI F","1","0.13"
"FINEGAN B","1","0.17"
"FINERTY GE","1","0.02"
"FISCHER RA","1","0.33"
"FISHER AC","1","0.33"
"FITKIN S","1","0.13"
"FLEMING KD","1","0.25"
"FLEMING TL","1","0.33"
"FLESCHUTZ MM","1","0.17"
"FLESHER KM","1","0.20"
"FLOCKHART DTT","1","0.14"
"FLYMAN MV","1","0.02"
"FOGELL DJ","1","0.25"
"FOLETTO F","1","0.07"
"FORD WM","1","0.17"
"FORDHAM DA","1","0.09"
"FORERO-MEDINA G","1","0.17"
"FORMIA A","1","0.06"
"FOSS C","1","0.20"
"FOSSOY F","1","0.10"
"FOSTER LJ","1","0.13"
"FOSTER NJ","1","0.20"
"FOSTER RJ","1","0.05"
"FOSTER S","1","0.14"
"FOWLER AJ","1","0.09"
"FOWLER NL","1","0.11"
"FOX R","1","0.14"
"FRANCISCO DR","1","0.20"
"FRANKLIN AB","1","0.20"
"FRANKLIN E","1","0.33"
"FRASER JD","1","0.17"
"FREEMAN MC","1","0.17"
"FREIRE JDM","1","0.07"
"FREY SJK","1","0.33"
"FRIMPONG EA","1","0.50"
"FRINK TJ","1","0.20"
"FRISCH JR","1","0.10"
"FRITTS MW","1","0.20"
"FROEHLY JL","1","0.25"
"FUJISAKI I","1","0.11"
"FULLER RA","1","0.14"
"FUNES MC","1","0.25"
"FUNSTON PJ","1","0.17"
"FURTADO MM","1","0.17"
"GADE MR","1","0.25"
"GAIGHER R","1","0.25"
"GAL B","1","0.20"
"GALETTI M","1","0.25"
"GALLO S","1","0.17"
"GALVAN SK","1","0.14"
"GAMEZ S","1","0.50"
"GANTCHOFF MG","1","0.50"
"GARCES-VARGAS J","1","0.11"
"GARCIA EJ","1","0.13"
"GARCIA JM","1","0.07"
"GARCIA K","1","0.25"
"GARCIA-DIAZ P","1","0.20"
"GARCIA-DOMINGUEZ F","1","0.13"
"GARDNER P","1","0.11"
"GARRIE J","1","0.50"
"GARRISON EP","1","0.25"
"GARROTT RA","1","0.20"
"GARTHWAITE DG","1","0.14"
"GATORANO G","1","0.14"
"GATTI S","1","0.20"
"GAULKE SM","1","0.06"
"GAUTIER R","1","0.25"
"GAVIER-PIZARRO GI","1","0.10"
"GAVRILIDIS AA","1","0.11"
"GAYNOR KM","1","0.25"
"GEHRING TM","1","0.25"
"GELDARD RP","1","0.20"
"GENTILI R","1","0.25"
"GEORGE TL","1","0.33"
"GERVAIS A","1","0.25"
"GHOLIKHANI N","1","0.04"
"GHOSHAL A","1","0.14"
"GIBSON D","1","0.25"
"GIBSON LA","1","1.00"
"GIBSON-REINEMER DK","1","0.20"
"GIGLIOTTI L","1","0.17"
"GILABERT H","1","0.11"
"GILBERT SL","1","0.25"
"GILL RE","1","0.20"
"GILLANDERS BM","1","0.09"
"GILLESPIE GR","1","0.11"
"GILLILAND SG","1","0.33"
"GIMONA A","1","0.11"
"GIRARD A","1","0.06"
"GIRONDOT M","1","0.06"
"GLISSON WJ","1","0.20"
"GLORIOSO BM","1","0.33"
"GLOWACKI GA","1","0.20"
"GOAD EH","1","0.25"
"GOBBI M","1","0.17"
"GOCKEL S","1","0.11"
"GODLEY BJ","1","0.06"
"GODOY WAC","1","0.20"
"GOERTLER PAL","1","0.17"
"GOFFART P","1","0.06"
"GOLABEK K","1","0.02"
"GOLDING JD","1","0.33"
"GOMEZ C","1","0.13"
"GOMEZ JP","1","0.25"
"GOMEZ-RODRIGUEZ C","1","0.25"
"GOMPPER ME","1","0.17"
"GONCALVES AL","1","0.07"
"GONCALVES ALS","1","0.25"
"GONZALES RDR","1","0.07"
"GONZALEZ LM","1","0.13"
"GONZALEZ TM","1","0.25"
"GONZALEZ-JAUREGUI M","1","0.33"
"GONZALEZ-TRUJILLO JD","1","0.25"
"GOODALE E","1","0.20"
"GOODMAN SM","1","0.17"
"GOOSSENS B","1","0.11"
"GORMLEY AM","1","0.09"
"GOSALBEZ J","1","0.25"
"GOTAME B","1","0.08"
"GOTTLIEB IGW","1","0.17"
"GOULD PR","1","0.25"
"GRABOW M","1","0.09"
"GRAF RF","1","0.17"
"GRAGSON TL","1","0.10"
"GRAINGER M","1","0.17"
"GRAY TNE","1","0.13"
"GREEN DS","1","0.20"
"GREEN LE","1","0.33"
"GREEN SJ","1","0.14"
"GREENBERG R","1","0.20"
"GREGORY RD","1","0.17"
"GREY MJ","1","0.07"
"GRIFFITHS NP","1","0.11"
"GRIFFITHS RA","1","0.25"
"GRILO C","1","0.25"
"GROUARD S","1","0.20"
"GU BJ","1","0.13"
"GU H","1","0.20"
"GUILLEMAIN M","1","0.11"
"GUILLERA-ARROITA G","1","0.11"
"GUIMARAES M","1","0.25"
"GUISAN A","1","0.25"
"GUNTHER A","1","0.05"
"GURNEY KEB","1","0.20"
"GUSTAFSON KD","1","0.50"
"HADLEY AS","1","0.33"
"HAGEN R","1","0.09"
"HAHN BA","1","0.20"
"HALBUR M","1","0.33"
"HALL D","1","0.07"
"HALL KC","1","0.09"
"HALL LA","1","0.11"
"HAMEED S","1","0.20"
"HAMEL S","1","0.04"
"HAMMERICH S","1","0.33"
"HAND CE","1","0.11"
"HANDLEY LL","1","0.11"
"HANFLING B","1","0.11"
"HANNI DJ","1","0.20"
"HANNIFFY R","1","0.17"
"HANNON DR","1","0.25"
"HARIHAR A","1","0.20"
"HARPER CA","1","0.17"
"HARPER KJ","1","0.11"
"HARPER LR","1","0.11"
"HARRIS SH","1","0.50"
"HARRISON PJ","1","0.14"
"HARTLEY AZ","1","0.25"
"HARTLEY R","1","0.02"
"HARTZ SM","1","0.20"
"HARVESON LA","1","0.20"
"HARVESON PM","1","0.20"
"HATFIELD RG","1","0.06"
"HATHAWAY SA","1","0.13"
"HAUKOS D","1","0.25"
"HAULTON GS","1","0.33"
"HAVMOLLER RW","1","0.25"
"HAXTON TJ","1","0.50"
"HAYNES TB","1","0.14"
"HEATH JA","1","0.33"
"HEDWALL S","1","0.07"
"HEFNER JM","1","0.14"
"HEGEL CGZ","1","0.25"
"HEGRE H","1","0.10"
"HEIM N","1","0.25"
"HEINDL BAP","1","0.14"
"HEINSOHN R","1","0.17"
"HEISE RJ","1","0.17"
"HEMP A","1","0.11"
"HENDEN JA","1","0.25"
"HENLE K","1","0.17"
"HENLEY S","1","0.02"
"HENNENLAN C","1","0.33"
"HENRY DAW","1","0.50"
"HEPINSTALL-CYMERMAN J","1","0.10"
"HEPP GR","1","0.50"
"HEPPER D","1","0.06"
"HERNANDEZ F","1","0.11"
"HERNANDEZ-POTOSME S","1","0.05"
"HERON JM","1","0.06"
"HERREL A","1","0.20"
"HERRERA DJ","1","0.14"
"HERRERA L","1","0.05"
"HERRICK BM","1","0.11"
"HERRMANN V","1","0.17"
"HESTER A","1","0.11"
"HESTER M","1","0.20"
"HETHERINGTON DA","1","0.13"
"HEURICH M","1","0.25"
"HEWITT MO","1","0.20"
"HICKE JA","1","0.25"
"HIDALGO-HERMOSO E","1","0.13"
"HIEB EE","1","0.20"
"HIGA M","1","0.17"
"HILL CM","1","0.25"
"HILL EB","1","0.25"
"HILL RA","1","0.11"
"HINDE J","1","0.20"
"HOCKING DJ","1","0.25"
"HOCKINGS KJ","1","0.25"
"HODGMAN TP","1","0.17"
"HODUM P","1","0.20"
"HOFER H","1","0.17"
"HOLEKAMP KE","1","0.20"
"HOLLERBACH L","1","0.25"
"HOLLEY KS","1","0.17"
"HOLLORAN AG","1","0.11"
"HOLLORAN MJ","1","0.11"
"HOLMES C","1","0.14"
"HOLMES V","1","0.25"
"HON J","1","0.07"
"HONEYCUTT RK","1","0.11"
"HONG YM","1","0.20"
"HOSTETTER NJ","1","0.11"
"HOUGHTON LM","1","0.17"
"HOWE FP","1","0.33"
"HOWE KB","1","0.13"
"HOWELL CA","1","0.17"
"HOWELL PE","1","0.07"
"HOY SR","1","0.20"
"HUA CL","1","0.06"
"HUA Y","1","0.17"
"HUANG G","1","0.17"
"HUBBARD T","1","0.11"
"HUBBELL SP","1","0.50"
"HUCKE-GAETE R","1","0.11"
"HUDGENS BR","1","0.20"
"HUDSON MA","1","0.14"
"HUGHES B","1","0.17"
"HUNT JW","1","0.33"
"HUNTE W","1","0.33"
"HUNTER ML","1","0.20"
"HURLBERT AH","1","0.33"
"HUSBAND TP","1","0.11"
"HUSSAIN HS","1","0.10"
"HUTTO RL","1","0.25"
"HUTTON JM","1","0.20"
"HUYVAERT KP","1","0.25"
"IANNARILLI F","1","0.11"
"IEZZI ME","1","0.07"
"IGLECIA MN","1","0.33"
"IKIN K","1","0.14"
"IMBEAU L","1","0.17"
"INGWERSEN D","1","0.07"
"IRIZARRY JI","1","0.33"
"IRWIN LL","1","0.33"
"ISAAK DJ","1","0.08"
"ISDEN J","1","0.02"
"ISOKE S","1","0.17"
"JACHOWSKI CMB","1","0.25"
"JACKSON DA","1","0.33"
"JACKSON PJ","1","0.13"
"JACOBI SK","1","0.20"
"JACOBSEN RM","1","0.10"
"JACOMO ATA","1","0.17"
"JAMTSHO R","1","0.33"
"JANSEN F","1","0.05"
"JARCHOW CJ","1","0.17"
"JATHANNA D","1","0.17"
"JAY SC","1","0.11"
"JEFFERY BM","1","0.11"
"JEFFRESS MR","1","0.10"
"JEHLE R","1","0.33"
"JELKS HL","1","0.17"
"JENKINS CL","1","0.25"
"JEPSEN JU","1","0.33"
"JESSOP TS","1","0.20"
"JHA A","1","0.33"
"JI YQ","1","0.06"
"JIANG GS","1","0.17"
"JIANG XL","1","0.33"
"JIMENEZ JE","1","0.33"
"JOACHIM J","1","0.33"
"JOHNSON AEM","1","0.17"
"JOHNSON BA","1","0.25"
"JOHNSON PJ","1","0.13"
"JONES C","1","0.11"
"JONES CJ","1","0.09"
"JONES GM","1","0.17"
"JONES HH","1","0.25"
"JONES TR","1","0.11"
"JONES-FARRAND DT","1","0.25"
"JORDAN CA","1","0.09"
"JORGE MH","1","0.25"
"JORGENSEN CF","1","0.20"
"JOSHI BD","1","0.13"
"JOSHI V","1","0.17"
"KABIR M","1","0.20"
"KACHEL S","1","0.33"
"KADARIYA R","1","0.14"
"KAFLEY H","1","0.17"
"KALKMAN VJ","1","0.06"
"KALKO EKV","1","0.11"
"KALLE R","1","0.25"
"KALYAHE M","1","0.14"
"KANDEL RC","1","0.09"
"KANE MD","1","0.04"
"KARELUS DL","1","0.20"
"KARENYI N","1","0.25"
"KARKI MT","1","0.08"
"KARL BJ","1","0.09"
"KARPANTY S","1","0.14"
"KARUBIAN J","1","0.20"
"KASS JM","1","0.25"
"KATAYAMA N","1","0.25"
"KAUHALA K","1","0.25"
"KAUTZ TM","1","0.11"
"KAWALKAR D","1","0.25"
"KAWANISHI K","1","0.20"
"KAZI A","1","0.25"
"KE A","1","0.20"
"KEANE JJ","1","0.25"
"KEEPING D","1","0.02"
"KEESING F","1","0.20"
"KEINATH DA","1","0.06"
"KELKAR N","1","0.20"
"KELLNER JR","1","0.50"
"KELLY EG","1","0.11"
"KENDALL BE","1","0.14"
"KENDALL KC","1","0.17"
"KENNARD MJ","1","0.17"
"KENNEDY CM","1","0.33"
"KENNEDY PL","1","0.20"
"KESCH K","1","0.02"
"KESLER DC","1","0.14"
"KESSINGER BE","1","0.20"
"KEYSER PD","1","0.17"
"KHADKA M","1","0.17"
"KHAN B","1","0.10"
"KHANAL G","1","0.20"
"KHANAL K","1","0.09"
"KHANDAL D","1","0.25"
"KHANYARI M","1","0.14"
"KHARA A","1","0.14"
"KHOO MDY","1","0.13"
"KHOT R","1","0.17"
"KIDWAI Z","1","0.20"
"KIEBOU-OPEPA C","1","0.05"
"KIEFER S","1","0.09"
"KILLENGREEN ST","1","0.17"
"KILPATRICK AM","1","0.11"
"KILSHAW K","1","0.13"
"KIMMIG S","1","0.09"
"KINDBERG J","1","0.14"
"KINDVALL O","1","0.14"
"KING R","1","0.25"
"KING TW","1","0.13"
"KING WM","1","0.14"
"KINGSFORD RT","1","0.17"
"KINNISON MT","1","0.25"
"KIRK TA","1","0.14"
"KIRSCH JE","1","0.50"
"KITCHENER AC","1","0.13"
"KITTUR SA","1","0.50"
"KLEEMAN PM","1","0.33"
"KNAPE J","1","0.14"
"KNIGHT RL","1","0.25"
"KOCH JB","1","0.06"
"KOENIG WD","1","0.17"
"KOIKE F","1","0.25"
"KOIZUMI I","1","0.17"
"KOKOLE M","1","0.02"
"KOLOWSKI JM","1","0.33"
"KOLSTROM R","1","0.20"
"KOPER N","1","0.50"
"KORNER-NIEVERGELT F","1","0.17"
"KOSHIDA C","1","0.25"
"KOTOWSKA D","1","0.14"
"KOTZE R","1","0.02"
"KOVACH TJ","1","0.11"
"KPELLE DG","1","0.17"
"KRAMER DL","1","0.33"
"KREITZMAN M","1","0.25"
"KREPSCHI VG","1","0.14"
"KROFEL M","1","0.20"
"KROHNER JM","1","0.50"
"KROSS CS","1","0.17"
"KRUGER LM","1","0.20"
"KRUPINSKI D","1","0.14"
"KUHNS AR","1","0.33"
"KULAVMODE AR","1","0.33"
"KUMAR NS","1","0.25"
"KUN S","1","0.20"
"KUO RC","1","0.25"
"KUPFERMAN CA","1","0.25"
"KUTT A","1","0.07"
"KWAK TJ","1","0.17"
"KWON E","1","0.17"
"LA HAYE MJJ","1","0.25"
"LACHMAN GB","1","0.17"
"LADLE A","1","0.25"
"LAFFAILLE P","1","0.20"
"LAFFERTY DJR","1","0.11"
"LAHKAR D","1","0.20"
"LAKER J","1","0.11"
"LAMA ST","1","0.09"
"LAMB JY","1","0.33"
"LAMBERT JP","1","0.20"
"LAMICHHANE S","1","0.14"
"LAMOTHE KA","1","0.33"
"LANDERS RH","1","0.25"
"LANGELAND K","1","0.25"
"LANGMORE N","1","0.17"
"LANGTIMM CA","1","0.17"
"LAPOINTE NWR","1","0.14"
"LARKIN DJ","1","0.20"
"LARKIN JL","1","0.17"
"LAROSE SH","1","0.11"
"LARREUR M","1","0.17"
"LARRIVEE M","1","0.25"
"LASKE SM","1","0.14"
"LASSOIE JP","1","0.14"
"LAWSON CK","1","0.25"
"LEBERG PL","1","0.25"
"LEBRUN JJ","1","0.25"
"LEE BPYH","1","0.13"
"LEE DE","1","0.50"
"LEFLORE E","1","0.02"
"LEGARE ML","1","0.11"
"LEHRER EW","1","0.20"
"LEIGH DS","1","0.10"
"LEIMGRUBER P","1","0.14"
"LELE A","1","0.17"
"LEPAGE C","1","0.17"
"LEPARD CC","1","0.14"
"LERCH MD","1","0.20"
"LESLIE AJ","1","0.17"
"LESTON LFV","1","0.50"
"LEWIS C","1","0.11"
"LEWIS T","1","0.25"
"LEWIS TL","1","0.20"
"LI HL","1","0.13"
"LI JL","1","0.11"
"LI S","1","0.25"
"LI YB","1","0.20"
"LI YH","1","0.06"
"LI ZL","1","0.14"
"LIM BTM","1","0.13"
"LIM HY","1","0.11"
"LIMA C","1","0.13"
"LIMA KA","1","0.17"
"LIMA MGM","1","0.05"
"LINDELL C","1","0.20"
"LINDEMAN M","1","0.13"
"LINK A","1","0.14"
"LINNELL JDC","1","0.14"
"LIRA-NORIEGA A","1","0.07"
"LISKE-CLARK J","1","0.14"
"LITUMA CM","1","0.50"
"LIZCANO D","1","0.33"
"LKHAGVAJAV P","1","0.14"
"LKHAGVASUREN B","1","0.20"
"LLANEZA L","1","0.13"
"LLOYD JD","1","0.50"
"LOAEZA DG","1","0.07"
"LOAEZA SG","1","0.07"
"LOEB SC","1","0.33"
"LOGAN MK","1","1.00"
"LOGGINS AA","1","0.20"
"LOMAN ZG","1","0.13"
"LONG RA","1","0.25"
"LONGORIA MP","1","0.50"
"LOO AHB","1","0.13"
"LOPEZ NIG","1","0.07"
"LOPEZ-BAO JV","1","0.13"
"LOPEZ-IBORRA GM","1","0.17"
"LOPRETE L","1","0.11"
"LORRAIN-SOLIGON L","1","0.11"
"LOUPPE V","1","0.20"
"LOUW CJ","1","0.20"
"LOVERIDGE R","1","0.13"
"LOWE WH","1","0.33"
"LOY RHY","1","0.13"
"LOYN RH","1","0.07"
"LUA HK","1","0.13"
"LUCE CH","1","0.08"
"LUCHERINI M","1","0.25"
"LUISELLI L","1","1.00"
"LUKE K","1","0.11"
"LUNDGREN EJ","1","0.14"
"LUNDSTROM A","1","0.14"
"LUNGHI E","1","0.06"
"LUSK JJ","1","0.20"
"LUSKIN MS","1","0.33"
"LUTE AC","1","0.08"
"LUUKKONEN DR","1","0.25"
"LUZA AL","1","0.20"
"LYNCH HJ","1","0.11"
"LYONS JE","1","0.11"
"LYVER PO","1","0.09"
"MA KP","1","0.20"
"MAC NALLY R","1","0.07"
"MACCAFFERY M","1","0.07"
"MACCHI L","1","0.10"
"MACCLUSKIE MC","1","0.33"
"MACDONALD MA","1","0.07"
"MACFARLANE WW","1","0.25"
"MACLEAN SA","1","0.25"
"MACLENNAN S","1","0.17"
"MACLEOD AC","1","0.17"
"MACLEOD CJ","1","0.09"
"MACPHERSON J","1","0.17"
"MACVEAN SK","1","0.07"
"MADDEN H","1","0.25"
"MAERZ JC","1","0.10"
"MAESTRI R","1","0.20"
"MAFFIOLETTI C","1","0.17"
"MAGALHAES A","1","0.13"
"MAGEE PA","1","0.33"
"MAGLE SB","1","0.20"
"MAGNUSON ML","1","0.10"
"MAGOUN AJ","1","0.14"
"MAHAJAN P","1","0.25"
"MAHARJAN R","1","0.17"
"MAHER SP","1","0.50"
"MAHMOOD T","1","0.10"
"MAHONEY PJ","1","0.20"
"MAHONY MJ","1","0.33"
"MAHOOD SP","1","0.13"
"MAIR L","1","0.14"
"MAJANEVA MAM","1","0.10"
"MALHOTRA R","1","0.33"
"MALLA S","1","0.08"
"MALONE KM","1","0.25"
"MALONEY RF","1","0.20"
"MAMMO S","1","0.17"
"MANAKADAN R","1","0.33"
"MANCHL SS","1","0.25"
"MANDUJANO S","1","0.14"
"MANGAN AO","1","0.14"
"MANGIPANE BA","1","0.20"
"MANICA M","1","0.13"
"MANN GKH","1","0.11"
"MANNAN S","1","0.09"
"MANOLACHE S","1","0.11"
"MANSONS J","1","0.17"
"MAPHISA DH","1","0.33"
"MARAGLIANO RE","1","0.33"
"MARAS GA","1","0.17"
"MARBOUTIN E","1","0.20"
"MARESCOT L","1","0.20"
"MARIN RMR","1","0.07"
"MARINHO PH","1","0.20"
"MARINI MA","1","0.25"
"MARON M","1","0.07"
"MARQUEZ R","1","0.13"
"MARRA PM","1","0.25"
"MARSHAL JP","1","0.20"
"MARTA S","1","0.20"
"MARTELL D","1","0.17"
"MARTIN EH","1","0.05"
"MARTIN RL","1","0.20"
"MARTIN RW","1","0.33"
"MARTIN ZP","1","0.17"
"MARTINEZ JE","1","0.25"
"MARTINEZ JZI","1","0.20"
"MARTINEZ-MARTI C","1","0.20"
"MARTINS DJ","1","0.14"
"MARTINS Q","1","0.04"
"MASENGA EH","1","0.13"
"MASHIKO M","1","0.25"
"MASSEZ G","1","0.11"
"MASSIE DL","1","0.20"
"MASTRANGELO M","1","0.10"
"MATA JM","1","0.17"
"MATHAI J","1","0.09"
"MATIAS NR","1","0.25"
"MATICA SZ","1","0.17"
"MATTHEWS J","1","0.13"
"MATTHEWS KR","1","0.20"
"MATTHEWS SM","1","0.25"
"MATTSSON BJ","1","0.25"
"MAUDE G","1","0.02"
"MAURER BA","1","0.20"
"MAVOUNGOU JG","1","0.06"
"MAY J","1","0.11"
"MAY RF","1","0.13"
"MAZUMDAR S","1","0.33"
"MAZZAMUTO MV","1","0.08"
"MCALPINE-BELLIS E","1","0.20"
"MCANEY K","1","0.17"
"MCCAIN CM","1","0.50"
"MCCALL AH","1","0.07"
"MCCARTHY JL","1","0.25"
"MCCARTHY KP","1","0.25"
"MCCUNE F","1","0.25"
"MCDONALD Z","1","0.20"
"MCFARLANE K","1","0.02"
"MCINTYRE CL","1","0.33"
"MCKAY M","1","0.17"
"MCKELVEY K","1","0.25"
"MCKERROW AJ","1","0.33"
"MCKINLEY TJ","1","0.06"
"MCLEOD MA","1","0.33"
"MCNULTY S","1","0.20"
"MCPHEE SR","1","0.13"
"MEDDENS AJH","1","0.25"
"MEIJAARD E","1","0.09"
"MELERO Y","1","0.25"
"MELLIN C","1","0.09"
"MELOTTO A","1","0.06"
"MENA JL","1","0.14"
"MENDES CP","1","0.25"
"MENESES LO","1","0.13"
"MENGEL DC","1","0.25"
"MENKE S","1","0.20"
"METCALFE K","1","0.06"
"METTLER AJ","1","0.14"
"MICHAEL D","1","0.14"
"MIDDLETON AD","1","0.25"
"MIDLANE N","1","0.20"
"MIDWAY SR","1","0.50"
"MIDWOOD JD","1","0.14"
"MIKUSINSKI G","1","0.20"
"MILANOVICH JR","1","0.25"
"MILLER DA","1","0.13"
"MILLER TJ","1","0.25"
"MILLERET C","1","0.05"
"MILLS B","1","0.11"
"MILLS G","1","0.02"
"MILLS SC","1","0.20"
"MILNER RL","1","0.11"
"MILNER-GULLAND EJ","1","0.20"
"MILTON DA","1","0.14"
"MIMNAGH N","1","0.25"
"MIRANDA LE","1","0.25"
"MIRITIS V","1","0.20"
"MITAI K","1","0.25"
"MITCHELL BR","1","0.25"
"MITCHELL SL","1","0.20"
"MJINGO EE","1","0.13"
"MKASANGA IJ","1","0.17"
"MOE K","1","0.08"
"MOHD-AZLAN J","1","0.13"
"MOHREN SR","1","0.10"
"MOLINA FM","1","0.07"
"MOLINA GM","1","0.07"
"MOLINA UM","1","0.07"
"MOLINA YM","1","0.07"
"MOLTENI R","1","0.20"
"MONROE KD","1","0.17"
"MONROY-HERNANDEZ E","1","0.20"
"MONTALTI D","1","0.33"
"MOORE JA","1","0.14"
"MOORE JE","1","0.50"
"MOORE SM","1","0.14"
"MOORMAN CE","1","0.25"
"MORALES J","1","0.11"
"MORAPEDI M","1","0.02"
"MOREIRA-ARCE D","1","0.13"
"MORGAN BJT","1","0.14"
"MORGAN S","1","0.02"
"MORI E","1","0.20"
"MORIARTY KM","1","0.14"
"MORIN DJ","1","0.25"
"MORREALE SJ","1","0.14"
"MORRISON ML","1","0.25"
"MORRISON SA","1","0.20"
"MORTON DC","1","0.33"
"MOS J","1","0.50"
"MOSER AM","1","0.13"
"MOSLEY CB","1","0.07"
"MOTTE G","1","0.06"
"MOU P","1","0.14"
"MOUGEOT F","1","0.20"
"MOURGUIART B","1","0.17"
"MOUSER JB","1","0.25"
"MOWRY S","1","0.20"
"MOYA S","1","0.07"
"MUGERWA B","1","0.05"
"MUKHERJEE T","1","0.13"
"MULLIN KE","1","0.14"
"MUNGUIA-STEYER R","1","0.20"
"MUNOZ A","1","0.25"
"MUNOZ-IGUALADA J","1","0.13"
"MURAO R","1","0.25"
"MURDOCH JD","1","0.20"
"MURILLO O","1","0.25"
"MURILLO-GARCIA OE","1","0.33"
"MURRAY F","1","0.10"
"MURRAY MH","1","0.20"
"MURRAY NJ","1","0.14"
"MURRY BA","1","0.25"
"MWAURA A","1","0.11"
"NADER CE","1","0.11"
"NAFUS MG","1","0.14"
"NAGY C","1","0.11"
"NAGY-REIS MB","1","0.17"
"NAING H","1","0.08"
"NAMEER PO","1","0.33"
"NANNI V","1","0.06"
"NARANGO DL","1","0.33"
"NAREFF GE","1","0.17"
"NASR M","1","0.14"
"NAVA M","1","0.25"
"NAVEDA-RODRIGUEZ A","1","0.33"
"NAWAZ MA","1","0.20"
"NAZIR R","1","0.10"
"NEGROES N","1","0.13"
"NEL HP","1","0.20"
"NEL R","1","0.25"
"NELSON MD","1","0.20"
"NEMOZ M","1","0.20"
"NEVILLE HM","1","0.08"
"NEWBOLD T","1","0.13"
"NEWKIRK ES","1","0.25"
"NEWMAN RA","1","0.50"
"NEWTON DS","1","0.25"
"NG K","1","0.50"
"NG ST","1","0.25"
"NGAKA K","1","0.02"
"NGATIA DK","1","0.11"
"NGENE S","1","0.11"
"NGOPRASERT D","1","0.33"
"NGUYEN HT","1","0.17"
"NICHOLAS AC","1","0.06"
"NICHOLS RB","1","0.17"
"NICHOLSON KL","1","0.33"
"NICKLEN EF","1","0.33"
"NIEJALKE D","1","0.17"
"NIENOW SS","1","0.25"
"NIJMAN V","1","0.25"
"NIMMO DG","1","0.11"
"NIYIGABA P","1","0.14"
"NOON BR","1","0.14"
"NORAMBUENA K","1","0.13"
"NORDEN J","1","0.14"
"NORDENSTEN NJ","1","0.10"
"NORKKO A","1","0.33"
"NORKKO J","1","0.33"
"NORMANDIN E","1","0.25"
"NORTON RA","1","0.33"
"NORVELL RE","1","0.33"
"NOSS RF","1","0.17"
"NOVAGA R","1","0.20"
"NOVARO AJ","1","0.25"
"NOWAK C","1","0.25"
"NUNES LA","1","0.33"
"NUNEZ-REGUEIRO MM","1","0.17"
"NUSSLE SC","1","0.20"
"NYE JA","1","0.25"
"NYSEWANDER DR","1","0.11"
"O'BRIEN DJ","1","0.11"
"O'DONNELL L","1","0.25"
"O'HARA RB","1","0.11"
"O'LEARY CA","1","0.25"
"O'NEAL BJ","1","0.17"
"O'NEILL AJ","1","0.14"
"O'RIAIN M","1","0.20"
"OAKLEAF RJ","1","0.20"
"OBLOZA P","1","0.14"
"OCOCK JF","1","0.17"
"ODDEN J","1","0.14"
"ODONJAVKHLAN C","1","0.14"
"OFTEN A","1","0.10"
"OGURCAK D","1","0.11"
"OGUTU JO","1","0.14"
"OJWANG GO","1","0.14"
"OKES NC","1","0.50"
"OLEY J","1","0.33"
"OLIVER DL","1","0.07"
"OLIVER K","1","0.33"
"OLIVIER A","1","0.20"
"OLMOS M","1","0.05"
"OLNAOS M","1","0.09"
"OLSON BT","1","0.17"
"OLSON LE","1","0.20"
"OMEYER LCM","1","0.06"
"ONETO F","1","0.33"
"ONO S","1","0.17"
"ORIOLI V","1","0.25"
"OROPEZA-SANCHEZ MT","1","0.20"
"ORTEGA J","1","0.09"
"ORTEGA-ALVAREZ R","1","0.07"
"OSORIO-OLVERA L","1","0.07"
"OSTFELD RS","1","0.20"
"OTT JR","1","0.33"
"OTTO CRV","1","0.33"
"OUSTERHOUT BH","1","0.20"
"OUTHWAITE CL","1","0.17"
"OWENS AK","1","0.07"
"OZGUL A","1","0.25"
"PACHECO-ESQUIVEL J","1","0.14"
"PACHOMSKI A","1","0.20"
"PACZKOWSKI J","1","0.25"
"PADDING PI","1","0.17"
"PADILLA BJ","1","0.50"
"PADILLA P","1","0.11"
"PAIRMAN D","1","0.09"
"PAL S","1","0.17"
"PALACIO FX","1","0.33"
"PALACIOS V","1","0.13"
"PALAZON JA","1","0.20"
"PALAZON S","1","0.25"
"PALENSCAR K","1","0.11"
"PANDOLFO TJ","1","0.17"
"PANGAU-ADAM MZ","1","0.50"
"PANTHI S","1","0.20"
"PAOLINO RM","1","0.14"
"PARDO JM","1","0.07"
"PARKER DM","1","0.11"
"PARKER KA","1","0.25"
"PARNELL A","1","0.25"
"PARREN MK","1","0.20"
"PARRIS K","1","0.17"
"PARRISH JR","1","0.33"
"PARSONS B","1","0.11"
"PART T","1","0.14"
"PASQUALOTTO N","1","0.14"
"PASTOR P","1","0.14"
"PATANKAR V","1","0.20"
"PATEL P","1","0.17"
"PATEL S","1","0.25"
"PATERSON JT","1","0.20"
"PATTEN KA","1","0.33"
"PATTON PT","1","0.33"
"PAUDEL G","1","0.08"
"PAUDEL RP","1","0.14"
"PAULI BP","1","0.33"
"PAULI JN","1","0.25"
"PAULIOS AT","1","0.20"
"PAVIS J","1","0.11"
"PAVLACKY DL","1","0.20"
"PAWAR UR","1","0.14"
"PAXTON EH","1","0.14"
"PAYAN E","1","0.14"
"PE'ER G","1","0.17"
"PEABOTUWAGE I","1","0.20"
"PEACH MA","1","0.33"
"PEACOCK MM","1","0.08"
"PEELE AM","1","0.25"
"PEERY MZ","1","0.25"
"PENDERGAST ME","1","0.25"
"PENDLETON J","1","0.20"
"PENNATI R","1","0.06"
"PEOPLES BK","1","0.50"
"PEQUENO PACL","1","0.33"
"PEREIRA JMC","1","0.20"
"PEREIRA MJR","1","0.50"
"PEREIRA S","1","0.05"
"PEREZ-HERNANDEZ CG","1","0.13"
"PERILLO J","1","0.20"
"PEROTTO-BALDIVIESO HL","1","0.17"
"PERRY M","1","0.17"
"PERRY RW","1","0.13"
"PETERS VE","1","0.20"
"PETERSON AT","1","0.07"
"PETERSON SM","1","0.11"
"PETITPAS R","1","0.11"
"PETZOLD F","1","0.05"
"PFEIFER M","1","0.17"
"PFEIFFER S","1","0.11"
"PHILIPS A","1","0.33"
"PHOONJAMPA R","1","0.17"
"PHUMANEE W","1","0.17"
"PIAS KE","1","0.14"
"PICARD APD","1","0.25"
"PICHORIM M","1","0.25"
"PIERCE D","1","0.20"
"PIERCE NE","1","0.06"
"PILLE F","1","0.11"
"PINE WE","1","0.14"
"PINHEIRO MS","1","0.13"
"PIQUER-RODRIGUEZ M","1","0.10"
"PIRY S","1","0.14"
"PISANU B","1","0.20"
"PITMAN J","1","0.25"
"PITMAN RT","1","0.11"
"PIZZIO E","1","0.07"
"PLANILLO A","1","0.09"
"PLATTNER M","1","0.20"
"PLUMIER E","1","0.11"
"POESCH MS","1","0.14"
"POLEY LG","1","0.14"
"POLI L","1","0.06"
"POLLOCK KH","1","0.11"
"PONCIANO JM","1","0.25"
"POP MI","1","0.17"
"PORTISS R","1","0.14"
"POSSINGHAM HP","1","0.17"
"POST VAN DER BURG M","1","0.25"
"POTTER DS","1","0.17"
"POWELL GVN","1","0.25"
"POWELL LA","1","0.20"
"POWNEY GD","1","0.17"
"PRABHU M","1","0.17"
"PRADO E","1","0.25"
"PRANGE S","1","0.25"
"PRAVEEN J","1","0.33"
"PREMEAUX AR","1","0.25"
"PRESCOTT GW","1","0.11"
"PRESCOTT T","1","0.14"
"PRESTON DL","1","0.11"
"PREUSS TS","1","0.20"
"PREVEDELLO JA","1","0.17"
"PRICE SJ","1","0.20"
"PRINGLE CM","1","0.10"
"PRINS MD","1","0.06"
"PRIOL P","1","0.17"
"PROMBERGER-FURPASS B","1","0.25"
"PROUST N","1","0.02"
"PROWSE TAA","1","0.09"
"PRUGH LR","1","0.25"
"PRUNIER F","1","0.06"
"PRYKE JS","1","0.25"
"PUENTE-ROLON AR","1","0.17"
"PURWANDANA D","1","0.20"
"PYWELL RF","1","0.14"
"QUALLS CP","1","0.33"
"QUAN RC","1","0.17"
"QUIGLEY H","1","0.05"
"QUINONES-GUERRERO A","1","0.14"
"RABELO RM","1","0.33"
"RADVAN M","1","0.17"
"RAHLIN AA","1","0.33"
"RAHMAN HA","1","0.25"
"RAINBOLT RE","1","0.20"
"RALOVARISOA E","1","0.14"
"RAMIERE J","1","0.17"
"RAMIREZ-PARADA T","1","0.20"
"RAMP D","1","0.14"
"RAMSEIER P","1","0.17"
"RANDALL G","1","0.17"
"RANSOM JI","1","0.13"
"RAPACCIUOLO G","1","0.25"
"RAPPAPORT DI","1","0.33"
"RATHORE D","1","0.14"
"RATO D","1","0.17"
"RAVELOJAONA RN","1","0.14"
"RAVESI MJ","1","0.14"
"RAWSON BM","1","0.17"
"RAY JC","1","0.14"
"RAYAMAJHI T","1","0.14"
"RAZAFINDRAIBE JH","1","0.14"
"READ DS","1","0.11"
"READING RP","1","0.20"
"REED ET","1","0.33"
"REED SE","1","0.25"
"REICH BJ","1","0.17"
"REICHMAN A","1","0.17"
"REID J","1","0.17"
"REID SM","1","0.50"
"REIDY JL","1","0.25"
"REIGADA C","1","0.20"
"REINAGA A","1","0.13"
"REINERS TE","1","0.25"
"REN Y","1","0.13"
"RENNER SC","1","0.11"
"REPPUCCI J","1","0.25"
"RESH VH","1","0.25"
"RIBEIRO JW","1","0.25"
"RIBEIRO MC","1","0.17"
"RIBIC CA","1","0.33"
"RICE KG","1","0.11"
"RICE RA","1","0.13"
"RICH M","1","0.25"
"RICHARDSON LL","1","0.06"
"RICHARDSON TW","1","0.14"
"RICHMOND OM","1","0.11"
"RICHTER SC","1","0.20"
"RIDGWAY MS","1","0.33"
"RIECKE TV","1","0.25"
"RIEGEL JK","1","0.20"
"RIFFELL SK","1","0.13"
"RILEY JW","1","0.17"
"RILEY SPD","1","0.13"
"RINEHART KA","1","0.25"
"RIORDAN P","1","0.20"
"RISK BB","1","0.11"
"RIVAS LF","1","0.25"
"RIVERA-MILAN FF","1","0.25"
"RIVERO J","1","0.14"
"ROACH MC","1","0.33"
"ROACH NS","1","0.50"
"ROBERTS AJ","1","0.17"
"ROBERTS LJ","1","0.50"
"ROBIN VV","1","0.17"
"ROBINO F","1","0.07"
"ROBINSON D","1","0.07"
"ROBINSON N","1","0.05"
"ROBINSON NP","1","0.04"
"ROBLEDANO F","1","0.17"
"ROBLES RV","1","0.07"
"ROCHEFORT L","1","0.25"
"ROCHESTER CJ","1","0.13"
"ROCHFORD M","1","0.11"
"ROD-ERIKSEN L","1","0.17"
"RODE B","1","0.17"
"RODEWALD AD","1","0.17"
"RODGER AW","1","0.50"
"RODRIGUES FHG","1","0.33"
"RODRIGUES TF","1","0.14"
"RODRIGUEZ RM","1","0.17"
"RODRIGUEZ-RECIO M","1","0.20"
"ROGERS TP","1","0.25"
"ROHDE AT","1","0.06"
"ROHRBAUGH RW","1","0.17"
"ROHRER J","1","0.13"
"ROJAS-MURCIA LE","1","0.11"
"ROLAND CA","1","0.33"
"ROLAND VL","1","0.25"
"ROODBAL M","1","0.02"
"ROSA R","1","0.13"
"ROSALINO LM","1","0.13"
"ROSE JP","1","0.33"
"ROSEMAN EF","1","0.14"
"ROSENBERG KV","1","0.17"
"ROSENBERGER AE","1","0.14"
"ROSENLUND H","1","0.25"
"ROSENSTOCK SS","1","0.50"
"ROSKAFT E","1","0.13"
"ROSS BE","1","0.25"
"ROSS M","1","0.20"
"ROSSMAN S","1","0.17"
"ROTH T","1","0.50"
"ROWE DB","1","0.17"
"ROWINSKI P","1","0.25"
"ROY C","1","0.33"
"ROY DB","1","0.14"
"ROZYLOWICZ L","1","0.11"
"RUHL PJ","1","0.20"
"RUIZ J","1","0.11"
"RURIK AJ","1","0.25"
"RUSSELL K","1","0.11"
"RUSSELL RE","1","0.14"
"RUSTIGIAN-ROMSOS HL","1","0.14"
"RUTHRAUFF DR","1","0.20"
"RUTLEDGE BA","1","0.11"
"RYAN GE","1","0.13"
"RYDER TB","1","0.13"
"RYKKEN J","1","0.06"
"SAENZ-ESCOBAR MF","1","0.25"
"SAFFORD HD","1","0.14"
"SAHA GK","1","0.33"
"SALANT NL","1","0.25"
"SALGUERO AJ","1","0.20"
"SALTZ D","1","0.17"
"SALVADOR J","1","0.05"
"SALVATORI M","1","0.20"
"SALVI D","1","0.06"
"SAMELIUS G","1","0.14"
"SAMWAYS MJ","1","0.25"
"SAN ED","1","0.17"
"SANCHEZ A","1","0.11"
"SANCHEZ-GONZALEZ LA","1","0.07"
"SANCHEZ-LONDONO JD","1","0.17"
"SANDERCOCK BK","1","0.10"
"SANDERLIN JS","1","0.20"
"SANTOS F","1","0.05"
"SAPKOTA NS","1","0.09"
"SARACCO JF","1","0.33"
"SARASOLA JH","1","0.20"
"SASHIKA M","1","0.14"
"SATTERFIELD LC","1","0.17"
"SAUDER JD","1","0.33"
"SAUER EL","1","0.11"
"SAVRE T","1","0.14"
"SAWANT S","1","0.25"
"SAWYER SC","1","0.17"
"SAYER CD","1","0.11"
"SAYLOR CF","1","0.20"
"SBERZE M","1","0.11"
"SCALI S","1","0.06"
"SCARI G","1","0.06"
"SCHARFF N","1","0.25"
"SCHAUB R","1","0.11"
"SCHERL D","1","0.17"
"SCHLESINGER MD","1","0.25"
"SCHMID H","1","0.25"
"SCHREIER BM","1","0.17"
"SCHULTZ AD","1","0.25"
"SCHUMAN MJ","1","0.14"
"SCHUMANN DA","1","0.25"
"SCHUT K","1","0.25"
"SCHUTTLER E","1","0.17"
"SCHWALBE CR","1","0.17"
"SCHWALM D","1","0.10"
"SCHWARZER A","1","0.11"
"SCHWEITZER SH","1","0.11"
"SCOGNAMILLO DG","1","0.25"
"SCRETI A","1","0.13"
"SCROGGIE MP","1","0.13"
"SCULLY AE","1","0.25"
"SEAMANS ME","1","0.20"
"SEARLE CE","1","0.20"
"SEDDON PJ","1","0.20"
"SEE K","1","0.11"
"SEESHOLTZ AM","1","0.17"
"SEKERCIOGLU CH","1","0.25"
"SELEBATSO M","1","0.02"
"SELONEN V","1","0.25"
"SENN-IRLET B","1","0.17"
"SENO A","1","0.20"
"SENZAKI M","1","0.17"
"SEOANE J","1","0.20"
"SEPPI R","1","0.17"
"SERAFIM R","1","0.11"
"SERAFINI V","1","0.20"
"SETTLAGE RE","1","0.17"
"SETZ EZF","1","0.17"
"SEYRING M","1","0.05"
"SHAKYA AW","1","0.17"
"SHAMON H","1","0.17"
"SHARIEF A","1","0.13"
"SHARMA K","1","0.14"
"SHARMA LK","1","0.13"
"SHEFFIELD CS","1","0.06"
"SHEIL D","1","0.05"
"SHELDON F","1","0.17"
"SHEPHERD B","1","0.25"
"SHERRILL KR","1","0.10"
"SHERRY TW","1","0.25"
"SHERUB S","1","0.33"
"SHIKLOMANOV AN","1","0.20"
"SHIMOZURU M","1","0.14"
"SHINDERMAN M","1","0.10"
"SHOKIROV Q","1","0.33"
"SHORTALL CR","1","0.14"
"SHRESTHA S","1","0.09"
"SHU ZF","1","0.20"
"SHUTE PW","1","0.20"
"SIBIYA M","1","0.20"
"SIFFERT O","1","0.17"
"SIGNER J","1","0.20"
"SIITONEN J","1","0.14"
"SIKORA A","1","0.50"
"SILVA TL","1","0.33"
"SILVA-ROCHA I","1","0.06"
"SILVEIRA L","1","0.17"
"SIMAL F","1","0.25"
"SIMONS TR","1","0.11"
"SIMPSON SJ","1","0.14"
"SINGH H","1","0.13"
"SINGH I","1","0.13"
"SINGH R","1","0.20"
"SINK K","1","0.25"
"SIQUEIRA T","1","0.25"
"SKERRATT LF","1","0.33"
"SLABBERT R","1","0.17"
"SLAUSON KM","1","0.14"
"SMIT-ROBINSON H","1","0.33"
"SMITH AB","1","0.50"
"SMITH BJ","1","0.11"
"SMITH DAE","1","0.25"
"SMITH F","1","0.11"
"SMITH GD","1","0.20"
"SMITH L","1","0.17"
"SMITH MM","1","0.50"
"SMITH YE","1","0.25"
"SNALL T","1","0.14"
"SOBERON J","1","0.07"
"SOCOLAR JB","1","0.20"
"SOH MCK","1","0.13"
"SOLANO-ZAVALETA I","1","0.25"
"SOLIMINI A","1","0.13"
"SORENSEN JA","1","0.11"
"SOUTHEE FM","1","0.14"
"SPARKMAN AM","1","0.25"
"SPARROW D","1","0.06"
"SPENCER J","1","0.17"
"SPENCER WD","1","0.14"
"SPENGLER T","1","0.05"
"SPEZIA L","1","0.20"
"SPIRONELLO WR","1","0.07"
"SQUIRES JR","1","0.20"
"SQUIRES MA","1","0.11"
"SREDL MJ","1","0.07"
"SREEKAR R","1","0.17"
"SRIVASTAVA DS","1","0.25"
"SRIVATHSA A","1","0.20"
"STABACH JA","1","0.14"
"STAMATION KA","1","0.13"
"STANTON RA","1","0.20"
"STARKS TA","1","0.50"
"STEEL ZL","1","0.20"
"STEER MA","1","0.09"
"STEIDL RJ","1","0.50"
"STEIN A","1","0.02"
"STEIN J","1","0.14"
"STEINMETZ R","1","0.17"
"STETZ JB","1","0.17"
"STEVENSON DJ","1","0.25"
"STEWART DR","1","0.20"
"STEWART-KOSTER B","1","0.17"
"STIEN A","1","0.17"
"STIEN J","1","0.17"
"STILLFRIED M","1","0.09"
"STILLMAN AN","1","0.17"
"STINSON LT","1","0.20"
"STODOLA KW","1","0.17"
"STOJANOVIC D","1","0.17"
"STONER DC","1","0.20"
"STORCH I","1","0.20"
"STRAKA TM","1","0.09"
"STRAMPELLI P","1","0.20"
"STRANGE JP","1","0.06"
"STREET GM","1","0.09"
"STRINDBERG S","1","0.13"
"STRUEBIG MJ","1","0.20"
"STUART IG","1","0.13"
"STUBER EF","1","0.20"
"STUDDS CE","1","0.14"
"SUAZO-ORTUNO I","1","0.20"
"SUBBA SA","1","0.08"
"SUBEDI N","1","0.14"
"SUBEDI S","1","0.08"
"SUHLING F","1","0.05"
"SULLIVAN PJ","1","0.14"
"SUM P","1","0.13"
"SUMMERS S","1","0.17"
"SUN P","1","0.33"
"SUN YF","1","0.13"
"SUNARTO S","1","0.04"
"SUNDAR KSG","1","0.50"
"SUTCLIFF R","1","0.02"
"SUTTON N","1","0.20"
"SWALLOW B","1","0.25"
"SWARTHOUT SB","1","0.17"
"SWARTWOUT MC","1","0.17"
"SWARTZ LK","1","0.25"
"SWILLING WR","1","0.11"
"SWORD GA","1","0.14"
"SYTSMA MLT","1","0.25"
"SZEWCZAK JM","1","0.17"
"SZEWCZYK TM","1","0.50"
"TABLADO Z","1","0.17"
"TACK JD","1","0.20"
"TAKI H","1","0.25"
"TAKTEHRANI A","1","0.04"
"TALAMO A","1","0.17"
"TALLAMY DW","1","0.33"
"TANDIN T","1","0.25"
"TANNER JE","1","0.09"
"TARBILL GL","1","0.14"
"TAYLOR SS","1","0.33"
"TCHIN LT","1","0.07"
"TEATOR M","1","0.20"
"TECKLIN J","1","0.11"
"TEETS KD","1","0.33"
"TEGELER AK","1","0.25"
"TEIXEIRA D","1","0.13"
"TEJEDA V","1","0.14"
"TELLA JL","1","0.17"
"TEMPEL DJ","1","0.50"
"TENDRON P","1","0.11"
"TENHUMBERG B","1","0.17"
"TERANDO AJ","1","0.17"
"TETSUYA T","1","0.25"
"TETZLAFF SJ","1","0.14"
"TEWES ME","1","0.17"
"THAKUR M","1","0.13"
"THANET DR","1","0.14"
"THAPA MK","1","0.09"
"THAYER L","1","0.20"
"THEISINGER O","1","0.20"
"THILL RE","1","0.13"
"THOMAS P","1","0.17"
"THOMAS RF","1","0.17"
"THOMAS SM","1","0.11"
"THOMPSON C","1","0.25"
"THOMPSON JJ","1","0.17"
"THOMPSON L","1","0.20"
"THOMSON JR","1","0.07"
"THORNTON DH","1","0.25"
"THORNTON DJ","1","0.13"
"THORSEN NH","1","0.14"
"TIAN SY","1","0.13"
"TIBBITTS TL","1","0.20"
"TILLEY D","1","0.06"
"TING NTK","1","0.07"
"TOBAJAS J","1","0.20"
"TOBLER U","1","0.17"
"TOLLIVER JDM","1","0.50"
"TOMAS WM","1","0.17"
"TOMLINSON KW","1","0.17"
"TOMS MP","1","0.25"
"TORRES NM","1","0.17"
"TORRES RT","1","0.13"
"TORRES-FLOREZ JP","1","0.11"
"TOWNSEND SE","1","0.33"
"TOZER DC","1","0.33"
"TRAN DV","1","0.17"
"TRAVAINI A","1","0.20"
"TREE A","1","0.20"
"TREMBLAY JP","1","0.33"
"TRINDADE JPP","1","0.20"
"TROCKUR B","1","0.05"
"TRONSTAD LM","1","0.06"
"TRUAN ML","1","0.33"
"TRUDEAU C","1","0.17"
"TSHIMOLOGO B","1","0.02"
"TSUBOTA T","1","0.14"
"TUCKER JM","1","0.04"
"TULLOCH AIT","1","0.14"
"TVERAA T","1","0.17"
"TYRRELL PD","1","0.11"
"TZANOPOULOS J","1","0.14"
"TZILKOWSKI CJ","1","0.25"
"UDELL BJ","1","0.13"
"UMBANHOWAR J","1","0.33"
"UMUNTUNUNDI P","1","0.33"
"URBINA Y","1","0.05"
"URIBE CAM","1","0.11"
"URSO A","1","0.06"
"UTRERAS V","1","0.33"
"UZABAHO E","1","0.05"
"UZARSKI DG","1","0.25"
"VALANKO S","1","0.33"
"VALDES S","1","0.09"
"VALENZUELA L","1","0.17"
"VALLECILLO D","1","0.11"
"VALLEJO-VARGAS AF","1","0.05"
"VALLES H","1","0.33"
"VAN DEN BURG MP","1","0.25"
"VAN DEN TOP GG","1","0.06"
"VAN DER MEIJ T","1","0.25"
"VAN GRUNSVEN RHA","1","0.06"
"VAN HEEZIK Y","1","0.20"
"VAN MIERLO VA","1","0.14"
"VAN SCHALKWYK J","1","0.25"
"VAN SCHMIDT N","1","0.11"
"VAN SWAAY CAM","1","0.33"
"VAN TN","1","0.17"
"VAN WAGENSVELD TP","1","0.25"
"VANAPPELGHEM C","1","0.06"
"VANAU G","1","0.11"
"VANDER YACHT AL","1","0.17"
"VANDEWALLE P","1","0.11"
"VANEK JP","1","0.20"
"VANLEEUWE H","1","0.06"
"VARGAS CF","1","0.11"
"VARGAS-CASTILLO A","1","0.33"
"VASHON JH","1","0.20"
"VASQUEZ-MARTINEZ R","1","0.07"
"VASUDEVAN K","1","0.50"
"VEILLEUX MAN","1","0.14"
"VELASQUEZ-C K","1","0.14"
"VELHO N","1","0.17"
"VENTICINQUE EM","1","0.20"
"VERAN S","1","0.14"
"VERBYLA DL","1","0.25"
"VERCAUTEREN T","1","0.25"
"VERGARA PM","1","0.13"
"VERON G","1","0.20"
"VERRASTRO L","1","0.25"
"VERSFELD WF","1","0.17"
"VERSIANI NF","1","0.14"
"VIALET E","1","0.11"
"VICENTE J","1","0.25"
"VIDDI FA","1","0.11"
"VIERLING KT","1","0.17"
"VIERLING LA","1","0.17"
"VILELLA FJ","1","0.13"
"VILLAGRAN AM","1","0.07"
"VILLANUA D","1","0.20"
"VILLAR N","1","0.25"
"VINDSTAD OPL","1","0.33"
"VISCARRA M","1","0.13"
"VISHNUDAS CK","1","0.17"
"VITEKERE K","1","0.17"
"VOGELER JC","1","0.14"
"VOLPE JP","1","0.33"
"VON FELTEN S","1","0.17"
"VON MUHLEN EM","1","0.25"
"VU TT","1","0.17"
"VUCETICH JA","1","0.20"
"VYNNE C","1","0.13"
"WAITS LP","1","0.25"
"WALK JW","1","0.17"
"WALKER RS","1","0.25"
"WALLACE R","1","0.13"
"WALLACE ZP","1","0.20"
"WALLACH AD","1","0.14"
"WALLISDEVRIES MF","1","0.06"
"WALSH SJ","1","0.17"
"WANG DJ","1","0.25"
"WANG J","1","0.17"
"WANG JX","1","0.06"
"WANG L","1","0.06"
"WANG X","1","0.25"
"WANG ZY","1","0.06"
"WANGDI S","1","0.25"
"WANN GT","1","0.25"
"WARD MP","1","0.17"
"WARD TM","1","0.09"
"WASEEM M","1","0.10"
"WASSENS S","1","0.17"
"WATSON C","1","0.11"
"WATTS BD","1","0.11"
"WEARN OR","1","0.17"
"WEBB MH","1","0.17"
"WEBBER AF","1","0.33"
"WEDDERBURN SD","1","1.00"
"WEISE FJ","1","0.02"
"WEISKOPF SR","1","0.20"
"WELDON A","1","0.11"
"WELLS HBM","1","0.14"
"WELLS K","1","0.11"
"WELLS M","1","0.14"
"WEN QZ","1","0.06"
"WENG Y","1","0.13"
"WESCHE SL","1","0.17"
"WESOLOWSKI T","1","0.25"
"WESTON MA","1","0.17"
"WESTPHAL J","1","0.17"
"WHEAT BR","1","0.13"
"WHEATLEY M","1","0.33"
"WHEEDLETON S","1","0.20"
"WHEELER K","1","0.17"
"WHITE D","1","0.13"
"WHITE GC","1","0.20"
"WHITEHEAD AL","1","0.09"
"WHITESELL C","1","0.02"
"WHITMAN M","1","0.14"
"WHITTINGTON-JONES G","1","0.11"
"WIDODO FA","1","0.04"
"WIGLEY TB","1","0.13"
"WIKLE CK","1","0.14"
"WILEY DN","1","0.33"
"WILK AJ","1","0.25"
"WILKE AL","1","0.11"
"WILKINS LGE","1","0.20"
"WILLIAMS KS","1","0.11"
"WILLIAMS LA","1","0.25"
"WILLIAMS PJ","1","0.25"
"WILLIAMS R","1","0.11"
"WILLIAMS SG","1","0.25"
"WILLIAMS ST","1","0.11"
"WILLIGALLA C","1","0.05"
"WILMOTH SC","1","0.25"
"WILSON HB","1","0.14"
"WILSON S","1","0.33"
"WILSON TL","1","0.20"
"WINDELS SK","1","0.17"
"WINGARD G","1","0.20"
"WINNE CT","1","0.33"
"WINTERBACH C","1","0.02"
"WINTERHOLLER M","1","0.06"
"WOLSKA A","1","0.25"
"WOMACK-BULLINER KM","1","0.25"
"WOMBLE JN","1","0.25"
"WONG GTN","1","0.07"
"WONG WM","1","0.08"
"WOOD CM","1","0.25"
"WOOD EM","1","0.17"
"WOOD PB","1","0.17"
"WOODCOCK BA","1","0.14"
"WOODFORD LP","1","0.33"
"WOODGATE Z","1","0.33"
"WOOSTER EIF","1","0.14"
"WRIGHT EF","1","0.17"
"WRONSKI T","1","0.33"
"WU CY","1","0.06"
"WULFF M","1","0.11"
"WULTSCH C","1","0.04"
"WYATT FR","1","0.14"
"XIAO YQ","1","0.13"
"XOFIS P","1","0.14"
"XU CCY","1","0.06"
"YABUHARA Y","1","0.17"
"YADAV RK","1","0.14"
"YAGUI H","1","0.14"
"YAMANE Y","1","0.11"
"YANCO E","1","0.14"
"YANG CY","1","0.06"
"YANG ZX","1","0.06"
"YEN JDL","1","0.20"
"YIRKA LM","1","0.25"
"YORK G","1","0.25"
"YU DW","1","0.06"
"ZACCAGNINI ME","1","0.25"
"ZAMAN M","1","0.17"
"ZAMBRANO AA","1","0.20"
"ZAPATA-RIOS G","1","0.33"
"ZAPPALLA A","1","0.25"
"ZAVALETA A","1","0.14"
"ZEILINGER AR","1","0.25"
"ZELLER KA","1","0.05"
"ZHANG DD","1","0.13"
"ZHANG Q","1","0.20"
"ZHANG ZJ","1","0.13"
"ZHAO QQ","1","0.13"
"ZHOU WJ","1","0.20"
"ZHU MY","1","0.17"
"ZIELINSKI WJ","1","0.14"
"ZIMMERMAN CE","1","0.14"
"ZIMMERMANN F","1","0.20"
"ZMIHORSKI M","1","0.14"
"ZOBELL VM","1","0.50"
"ZOLLNER PA","1","0.33"
"ZUANON J","1","0.25"
"ZUBILETA IS","1","0.07"
"ZULIAN V","1","0.33"
"ZUNIGA-VEGA JJ","1","0.25"